TEAM,MATCH UP,GAME DATE,FBPS,"OPP
FBPS"
LAL,LAL vs. PHX,01/01/2020,17,19
WAS,WAS vs. ORL,01/01/2020,15,13
ORL,ORL @ WAS,01/01/2020,13,15
POR,POR @ NYK,01/01/2020,3,9
MIN,MIN @ MIL,01/01/2020,11,20
PHX,PHX @ LAL,01/01/2020,19,17
NYK,NYK vs. POR,01/01/2020,9,3
MIL,MIL vs. MIN,01/01/2020,20,11
DAL,DAL vs. BKN,01/02/2020,19,17
CHA,CHA @ CLE,01/02/2020,10,12
CLE,CLE vs. CHA,01/02/2020,12,10
OKC,OKC @ SAS,01/02/2020,16,14
MIA,MIA vs. TOR,01/02/2020,4,2
CHI,CHI vs. UTA,01/02/2020,9,5
SAC,SAC vs. MEM,01/02/2020,23,23
SAS,SAS vs. OKC,01/02/2020,14,16
MIN,MIN vs. GSW,01/02/2020,10,6
GSW,GSW @ MIN,01/02/2020,6,10
LAC,LAC vs. DET,01/02/2020,17,24
BKN,BKN @ DAL,01/02/2020,17,19
IND,IND vs. DEN,01/02/2020,11,18
DET,DET @ LAC,01/02/2020,24,17
DEN,DEN @ IND,01/02/2020,18,11
TOR,TOR @ MIA,01/02/2020,2,4
MEM,MEM @ SAC,01/02/2020,23,23
UTA,UTA @ CHI,01/02/2020,5,9
MIA,MIA @ ORL,01/03/2020,8,9
ATL,ATL @ BOS,01/03/2020,21,25
PHI,PHI @ HOU,01/03/2020,18,20
BOS,BOS vs. ATL,01/03/2020,25,21
NYK,NYK @ PHX,01/03/2020,5,20
NOP,NOP @ LAL,01/03/2020,27,24
POR,POR @ WAS,01/03/2020,13,11
HOU,HOU vs. PHI,01/03/2020,20,18
PHX,PHX vs. NYK,01/03/2020,20,5
LAL,LAL vs. NOP,01/03/2020,24,27
WAS,WAS vs. POR,01/03/2020,11,13
ORL,ORL vs. MIA,01/03/2020,9,8
WAS,WAS vs. DEN,01/04/2020,13,10
UTA,UTA @ ORL,01/04/2020,10,6
DAL,DAL vs. CHA,01/04/2020,17,15
ORL,ORL vs. UTA,01/04/2020,6,10
SAC,SAC vs. NOP,01/04/2020,14,17
GSW,GSW vs. DET,01/04/2020,11,11
BKN,BKN vs. TOR,01/04/2020,12,18
SAS,SAS @ MIL,01/04/2020,4,17
CLE,CLE vs. OKC,01/04/2020,7,10
NOP,NOP @ SAC,01/04/2020,17,14
ATL,ATL vs. IND,01/04/2020,10,10
BOS,BOS @ CHI,01/04/2020,22,20
LAC,LAC vs. MEM,01/04/2020,14,24
IND,IND @ ATL,01/04/2020,10,10
CHA,CHA @ DAL,01/04/2020,15,17
DEN,DEN @ WAS,01/04/2020,10,13
MIL,MIL vs. SAS,01/04/2020,17,4
MEM,MEM @ LAC,01/04/2020,24,14
DET,DET @ GSW,01/04/2020,11,11
TOR,TOR @ BKN,01/04/2020,18,12
CHI,CHI vs. BOS,01/04/2020,20,22
OKC,OKC @ CLE,01/04/2020,10,7
DET,DET @ LAL,01/05/2020,11,24
MIN,MIN @ CLE,01/05/2020,8,6
MIA,MIA vs. POR,01/05/2020,16,10
LAC,LAC vs. NYK,01/05/2020,12,23
NYK,NYK @ LAC,01/05/2020,23,12
CLE,CLE vs. MIN,01/05/2020,6,8
POR,POR @ MIA,01/05/2020,10,16
PHX,PHX vs. MEM,01/05/2020,16,16
MEM,MEM @ PHX,01/05/2020,16,16
LAL,LAL vs. DET,01/05/2020,24,11
MIL,MIL @ SAS,01/06/2020,22,2
UTA,UTA @ NOP,01/06/2020,18,8
BKN,BKN @ ORL,01/06/2020,10,13
IND,IND @ CHA,01/06/2020,12,8
CHA,CHA vs. IND,01/06/2020,8,12
GSW,GSW @ SAC,01/06/2020,18,13
ATL,ATL vs. DEN,01/06/2020,13,5
PHI,PHI vs. OKC,01/06/2020,9,24
DAL,DAL vs. CHI,01/06/2020,9,27
OKC,OKC @ PHI,01/06/2020,24,9
NOP,NOP vs. UTA,01/06/2020,8,18
WAS,WAS vs. BOS,01/06/2020,12,17
BOS,BOS @ WAS,01/06/2020,17,12
SAC,SAC vs. GSW,01/06/2020,13,18
CHI,CHI @ DAL,01/06/2020,27,9
ORL,ORL vs. BKN,01/06/2020,13,10
DEN,DEN @ ATL,01/06/2020,5,13
SAS,SAS vs. MIL,01/06/2020,2,22
MIN,MIN @ MEM,01/07/2020,18,17
PHX,PHX vs. SAC,01/07/2020,15,9
DET,DET @ CLE,01/07/2020,12,10
LAL,LAL vs. NYK,01/07/2020,32,15
BKN,BKN vs. OKC,01/07/2020,7,11
TOR,TOR vs. POR,01/07/2020,19,18
NYK,NYK @ LAL,01/07/2020,15,32
MEM,MEM vs. MIN,01/07/2020,17,18
SAC,SAC @ PHX,01/07/2020,9,15
OKC,OKC @ BKN,01/07/2020,11,7
POR,POR @ TOR,01/07/2020,18,19
CLE,CLE vs. DET,01/07/2020,10,12
HOU,HOU @ ATL,01/08/2020,16,9
CHI,CHI @ NOP,01/08/2020,28,19
MIL,MIL @ GSW,01/08/2020,17,13
ATL,ATL vs. HOU,01/08/2020,9,16
GSW,GSW vs. MIL,01/08/2020,13,17
DEN,DEN @ DAL,01/08/2020,5,15
CHA,CHA vs. TOR,01/08/2020,16,16
DAL,DAL vs. DEN,01/08/2020,15,5
IND,IND vs. MIA,01/08/2020,14,18
TOR,TOR @ CHA,01/08/2020,16,16
SAS,SAS @ BOS,01/08/2020,11,15
BOS,BOS vs. SAS,01/08/2020,15,11
ORL,ORL vs. WAS,01/08/2020,8,9
WAS,WAS @ ORL,01/08/2020,9,8
UTA,UTA vs. NYK,01/08/2020,11,8
NOP,NOP vs. CHI,01/08/2020,19,28
MIA,MIA @ IND,01/08/2020,18,14
NYK,NYK @ UTA,01/08/2020,8,11
DET,DET vs. CLE,01/09/2020,10,4
MIN,MIN vs. POR,01/09/2020,6,16
BOS,BOS @ PHI,01/09/2020,7,19
POR,POR @ MIN,01/09/2020,16,6
PHI,PHI vs. BOS,01/09/2020,19,7
CLE,CLE @ DET,01/09/2020,4,10
OKC,OKC vs. HOU,01/09/2020,12,6
HOU,HOU @ OKC,01/09/2020,6,12
UTA,UTA vs. CHA,01/10/2020,4,7
ATL,ATL @ WAS,01/10/2020,13,14
NOP,NOP @ NYK,01/10/2020,12,17
LAL,LAL @ DAL,01/10/2020,26,13
MIA,MIA @ BKN,01/10/2020,8,15
WAS,WAS vs. ATL,01/10/2020,14,13
NYK,NYK vs. NOP,01/10/2020,17,12
LAC,LAC vs. GSW,01/10/2020,12,6
CHA,CHA @ UTA,01/10/2020,7,4
MEM,MEM vs. SAS,01/10/2020,22,9
DAL,DAL vs. LAL,01/10/2020,13,26
ORL,ORL @ PHX,01/10/2020,11,14
IND,IND @ CHI,01/10/2020,10,22
GSW,GSW @ LAC,01/10/2020,6,12
PHX,PHX vs. ORL,01/10/2020,14,11
SAS,SAS @ MEM,01/10/2020,9,22
BKN,BKN vs. MIA,01/10/2020,15,8
MIL,MIL @ SAC,01/10/2020,17,17
SAC,SAC vs. MIL,01/10/2020,17,17
CHI,CHI vs. IND,01/10/2020,22,10
DAL,DAL vs. PHI,01/11/2020,13,19
CHI,CHI @ DET,01/11/2020,10,8
PHI,PHI @ DAL,01/11/2020,19,13
DET,DET vs. CHI,01/11/2020,8,10
MIL,MIL @ POR,01/11/2020,21,18
POR,POR vs. MIL,01/11/2020,18,21
CLE,CLE @ DEN,01/11/2020,8,11
OKC,OKC vs. LAL,01/11/2020,8,8
BOS,BOS vs. NOP,01/11/2020,18,22
HOU,HOU vs. MIN,01/11/2020,15,11
MIN,MIN @ HOU,01/11/2020,11,15
NOP,NOP @ BOS,01/11/2020,22,18
LAL,LAL @ OKC,01/11/2020,8,8
DEN,DEN vs. CLE,01/11/2020,11,8
GSW,GSW @ MEM,01/12/2020,14,37
WAS,WAS vs. UTA,01/12/2020,10,6
TOR,TOR vs. SAS,01/12/2020,13,22
MEM,MEM vs. GSW,01/12/2020,37,14
SAS,SAS @ TOR,01/12/2020,22,13
LAC,LAC @ DEN,01/12/2020,5,11
DEN,DEN vs. LAC,01/12/2020,11,5
ATL,ATL @ BKN,01/12/2020,14,22
NYK,NYK vs. MIA,01/12/2020,10,6
BKN,BKN vs. ATL,01/12/2020,22,14
MIA,MIA @ NYK,01/12/2020,6,10
PHX,PHX vs. CHA,01/12/2020,17,9
UTA,UTA @ WAS,01/12/2020,6,10
CHA,CHA @ PHX,01/12/2020,9,17
BOS,BOS vs. CHI,01/13/2020,15,20
MIN,MIN vs. OKC,01/13/2020,12,11
CHA,CHA @ POR,01/13/2020,14,13
NOP,NOP @ DET,01/13/2020,9,14
DET,DET vs. NOP,01/13/2020,14,9
CLE,CLE @ LAL,01/13/2020,13,22
SAC,SAC vs. ORL,01/13/2020,10,7
POR,POR vs. CHA,01/13/2020,13,14
CHI,CHI @ BOS,01/13/2020,20,15
LAL,LAL vs. CLE,01/13/2020,22,13
PHI,PHI @ IND,01/13/2020,11,10
OKC,OKC @ MIN,01/13/2020,11,12
IND,IND vs. PHI,01/13/2020,10,11
ORL,ORL @ SAC,01/13/2020,7,10
HOU,HOU @ MEM,01/14/2020,7,25
BKN,BKN vs. UTA,01/14/2020,9,6
GSW,GSW vs. DAL,01/14/2020,10,8
PHX,PHX @ ATL,01/14/2020,13,6
NYK,NYK @ MIL,01/14/2020,6,26
CLE,CLE @ LAC,01/14/2020,10,22
ATL,ATL vs. PHX,01/14/2020,6,13
UTA,UTA @ BKN,01/14/2020,6,9
MIL,MIL vs. NYK,01/14/2020,26,6
DAL,DAL @ GSW,01/14/2020,8,10
MEM,MEM vs. HOU,01/14/2020,25,7
LAC,LAC vs. CLE,01/14/2020,22,10
BOS,BOS vs. DET,01/15/2020,13,8
DAL,DAL @ SAC,01/15/2020,12,23
POR,POR @ HOU,01/15/2020,8,9
DET,DET @ BOS,01/15/2020,8,13
ORL,ORL @ LAL,01/15/2020,22,17
PHI,PHI vs. BKN,01/15/2020,16,13
BKN,BKN @ PHI,01/15/2020,13,16
SAS,SAS @ MIA,01/15/2020,10,5
TOR,TOR @ OKC,01/15/2020,12,12
MIA,MIA vs. SAS,01/15/2020,5,10
OKC,OKC vs. TOR,01/15/2020,12,12
CHI,CHI vs. WAS,01/15/2020,7,7
HOU,HOU vs. POR,01/15/2020,9,8
DEN,DEN vs. CHA,01/15/2020,17,12
MIN,MIN vs. IND,01/15/2020,7,10
SAC,SAC vs. DAL,01/15/2020,23,12
LAL,LAL vs. ORL,01/15/2020,17,22
IND,IND @ MIN,01/15/2020,10,7
WAS,WAS @ CHI,01/15/2020,7,7
CHA,CHA @ DEN,01/15/2020,12,17
NYK,NYK vs. PHX,01/16/2020,7,18
ORL,ORL @ LAC,01/16/2020,11,8
PHX,PHX @ NYK,01/16/2020,18,7
NOP,NOP vs. UTA,01/16/2020,23,9
MIL,MIL vs. BOS,01/16/2020,28,15
UTA,UTA @ NOP,01/16/2020,9,23
GSW,GSW vs. DEN,01/16/2020,24,17
BOS,BOS @ MIL,01/16/2020,15,28
DEN,DEN @ GSW,01/16/2020,17,24
LAC,LAC vs. ORL,01/16/2020,8,11
MIN,MIN @ IND,01/17/2020,15,19
MEM,MEM vs. CLE,01/17/2020,29,14
WAS,WAS @ TOR,01/17/2020,19,34
ATL,ATL @ SAS,01/17/2020,20,26
MIA,MIA @ OKC,01/17/2020,4,12
SAS,SAS vs. ATL,01/17/2020,26,20
PHI,PHI vs. CHI,01/17/2020,6,29
CHI,CHI @ PHI,01/17/2020,29,6
OKC,OKC vs. MIA,01/17/2020,12,4
POR,POR @ DAL,01/17/2020,12,14
IND,IND vs. MIN,01/17/2020,19,15
CLE,CLE @ MEM,01/17/2020,14,29
TOR,TOR vs. WAS,01/17/2020,34,19
DAL,DAL vs. POR,01/17/2020,14,12
DET,DET @ ATL,01/18/2020,15,10
CHI,CHI vs. CLE,01/18/2020,10,4
POR,POR @ OKC,01/18/2020,4,7
MIN,MIN vs. TOR,01/18/2020,9,17
BOS,BOS vs. PHX,01/18/2020,20,9
SAC,SAC @ UTA,01/18/2020,14,10
PHX,PHX @ BOS,01/18/2020,9,20
GSW,GSW vs. ORL,01/18/2020,10,7
NOP,NOP vs. LAC,01/18/2020,13,10
ORL,ORL @ GSW,01/18/2020,7,10
BKN,BKN vs. MIL,01/18/2020,18,13
HOU,HOU vs. LAL,01/18/2020,15,14
CLE,CLE @ CHI,01/18/2020,4,10
TOR,TOR @ MIN,01/18/2020,17,9
PHI,PHI @ NYK,01/18/2020,20,5
MIL,MIL @ BKN,01/18/2020,13,18
NYK,NYK vs. PHI,01/18/2020,5,20
OKC,OKC vs. POR,01/18/2020,7,4
ATL,ATL vs. DET,01/18/2020,10,15
LAC,LAC @ NOP,01/18/2020,10,13
UTA,UTA vs. SAC,01/18/2020,10,14
LAL,LAL @ HOU,01/18/2020,14,15
SAS,SAS vs. MIA,01/19/2020,14,9
DEN,DEN vs. IND,01/19/2020,5,5
IND,IND @ DEN,01/19/2020,5,5
MIA,MIA @ SAS,01/19/2020,9,14
CHI,CHI @ MIL,01/20/2020,9,14
ORL,ORL @ CHA,01/20/2020,2,5
IND,IND @ UTA,01/20/2020,11,14
HOU,HOU vs. OKC,01/20/2020,13,13
BKN,BKN vs. PHI,01/20/2020,6,23
MIN,MIN vs. DEN,01/20/2020,4,7
SAS,SAS @ PHX,01/20/2020,10,8
LAL,LAL @ BOS,01/20/2020,11,25
UTA,UTA vs. IND,01/20/2020,14,11
POR,POR vs. GSW,01/20/2020,21,18
OKC,OKC @ HOU,01/20/2020,13,13
BOS,BOS vs. LAL,01/20/2020,25,11
WAS,WAS vs. DET,01/20/2020,8,6
GSW,GSW @ POR,01/20/2020,18,21
NYK,NYK @ CLE,01/20/2020,14,11
PHX,PHX vs. SAS,01/20/2020,8,10
DEN,DEN @ MIN,01/20/2020,7,4
ATL,ATL vs. TOR,01/20/2020,6,15
MEM,MEM vs. NOP,01/20/2020,29,23
MIA,MIA vs. SAC,01/20/2020,9,8
CHA,CHA vs. ORL,01/20/2020,5,2
CLE,CLE vs. NYK,01/20/2020,11,14
DET,DET @ WAS,01/20/2020,6,8
TOR,TOR @ ATL,01/20/2020,15,6
MIL,MIL vs. CHI,01/20/2020,14,9
NOP,NOP @ MEM,01/20/2020,23,29
SAC,SAC @ MIA,01/20/2020,8,9
PHI,PHI @ BKN,01/20/2020,23,6
DAL,DAL vs. LAC,01/21/2020,6,18
LAC,LAC @ DAL,01/21/2020,18,6
DET,DET vs. SAC,01/22/2020,12,8
SAS,SAS @ NOP,01/22/2020,4,15
OKC,OKC @ ORL,01/22/2020,11,9
BOS,BOS vs. MEM,01/22/2020,20,18
ATL,ATL vs. LAC,01/22/2020,8,9
HOU,HOU vs. DEN,01/22/2020,24,22
LAC,LAC @ ATL,01/22/2020,9,8
SAC,SAC @ DET,01/22/2020,8,12
UTA,UTA @ GSW,01/22/2020,17,10
NYK,NYK vs. LAL,01/22/2020,2,12
NOP,NOP vs. SAS,01/22/2020,15,4
CHI,CHI vs. MIN,01/22/2020,14,6
TOR,TOR vs. PHI,01/22/2020,21,20
ORL,ORL vs. OKC,01/22/2020,9,11
MEM,MEM @ BOS,01/22/2020,18,20
DEN,DEN @ HOU,01/22/2020,22,24
WAS,WAS @ MIA,01/22/2020,8,12
PHX,PHX vs. IND,01/22/2020,9,8
GSW,GSW vs. UTA,01/22/2020,10,17
IND,IND @ PHX,01/22/2020,8,9
LAL,LAL @ NYK,01/22/2020,12,2
PHI,PHI @ TOR,01/22/2020,20,21
MIN,MIN @ CHI,01/22/2020,6,14
MIA,MIA vs. WAS,01/22/2020,12,8
LAL,LAL @ BKN,01/23/2020,23,38
WAS,WAS @ CLE,01/23/2020,3,6
CLE,CLE vs. WAS,01/23/2020,6,3
POR,POR vs. DAL,01/23/2020,22,30
BKN,BKN vs. LAL,01/23/2020,38,23
DAL,DAL @ POR,01/23/2020,30,22
NYK,NYK vs. TOR,01/24/2020,15,18
BOS,BOS @ ORL,01/24/2020,10,11
NOP,NOP vs. DEN,01/24/2020,20,15
SAC,SAC @ CHI,01/24/2020,16,17
TOR,TOR @ NYK,01/24/2020,18,15
HOU,HOU @ MIN,01/24/2020,10,18
PHX,PHX @ SAS,01/24/2020,7,16
MIA,MIA vs. LAC,01/24/2020,7,7
SAS,SAS vs. PHX,01/24/2020,16,7
ORL,ORL vs. BOS,01/24/2020,11,10
IND,IND @ GSW,01/24/2020,19,16
MEM,MEM @ DET,01/24/2020,11,14
MIL,MIL @ CHA,01/24/2020,13,10
MIN,MIN vs. HOU,01/24/2020,18,10
DEN,DEN @ NOP,01/24/2020,15,20
CHA,CHA vs. MIL,01/24/2020,10,13
ATL,ATL @ OKC,01/24/2020,8,8
OKC,OKC vs. ATL,01/24/2020,8,8
CHI,CHI vs. SAC,01/24/2020,17,16
LAC,LAC @ MIA,01/24/2020,7,7
DET,DET vs. MEM,01/24/2020,14,11
GSW,GSW vs. IND,01/24/2020,16,19
UTA,UTA vs. DAL,01/25/2020,8,7
LAL,LAL @ PHI,01/25/2020,25,8
CHI,CHI @ CLE,01/25/2020,16,8
DET,DET vs. BKN,01/25/2020,11,16
CLE,CLE vs. CHI,01/25/2020,8,16
BKN,BKN @ DET,01/25/2020,16,11
PHI,PHI vs. LAL,01/25/2020,8,25
MIN,MIN vs. OKC,01/25/2020,4,2
DAL,DAL @ UTA,01/25/2020,7,8
OKC,OKC @ MIN,01/25/2020,2,4
BOS,BOS @ NOP,01/26/2020,14,17
PHX,PHX @ MEM,01/26/2020,19,18
SAS,SAS vs. TOR,01/26/2020,17,12
DEN,DEN vs. HOU,01/26/2020,6,11
BKN,BKN @ NYK,01/26/2020,11,5
NOP,NOP vs. BOS,01/26/2020,17,14
ORL,ORL vs. LAC,01/26/2020,13,2
WAS,WAS @ ATL,01/26/2020,8,18
ATL,ATL vs. WAS,01/26/2020,18,8
POR,POR vs. IND,01/26/2020,4,14
TOR,TOR @ SAS,01/26/2020,12,17
LAC,LAC @ ORL,01/26/2020,2,13
IND,IND @ POR,01/26/2020,14,4
NYK,NYK vs. BKN,01/26/2020,5,11
HOU,HOU @ DEN,01/26/2020,11,6
MEM,MEM vs. PHX,01/26/2020,18,19
MIA,MIA vs. ORL,01/27/2020,12,12
OKC,OKC vs. DAL,01/27/2020,8,10
MIN,MIN vs. SAC,01/27/2020,9,13
UTA,UTA vs. HOU,01/27/2020,12,18
ORL,ORL @ MIA,01/27/2020,12,12
CLE,CLE @ DET,01/27/2020,9,6
CHI,CHI vs. SAS,01/27/2020,6,7
SAS,SAS @ CHI,01/27/2020,7,6
DAL,DAL @ OKC,01/27/2020,10,8
HOU,HOU @ UTA,01/27/2020,18,12
SAC,SAC @ MIN,01/27/2020,13,9
DET,DET vs. CLE,01/27/2020,6,9
MIA,MIA vs. BOS,01/28/2020,12,17
MIL,MIL vs. WAS,01/28/2020,23,20
BOS,BOS @ MIA,01/28/2020,17,12
TOR,TOR vs. ATL,01/28/2020,25,20
DEN,DEN @ MEM,01/28/2020,9,19
NYK,NYK @ CHA,01/28/2020,6,13
CLE,CLE vs. NOP,01/28/2020,12,10
NOP,NOP @ CLE,01/28/2020,10,12
WAS,WAS @ MIL,01/28/2020,20,23
PHX,PHX @ DAL,01/28/2020,18,17
PHI,PHI vs. GSW,01/28/2020,17,18
MEM,MEM vs. DEN,01/28/2020,19,9
CHA,CHA vs. NYK,01/28/2020,13,6
DAL,DAL vs. PHX,01/28/2020,17,18
ATL,ATL @ TOR,01/28/2020,20,25
GSW,GSW @ PHI,01/28/2020,18,17
BKN,BKN vs. DET,01/29/2020,20,14
SAC,SAC vs. OKC,01/29/2020,22,11
DET,DET @ BKN,01/29/2020,14,20
HOU,HOU @ POR,01/29/2020,16,15
SAS,SAS vs. UTA,01/29/2020,17,15
NYK,NYK vs. MEM,01/29/2020,5,9
UTA,UTA @ SAS,01/29/2020,15,17
POR,POR vs. HOU,01/29/2020,15,16
OKC,OKC @ SAC,01/29/2020,11,22
CHI,CHI @ IND,01/29/2020,20,11
IND,IND vs. CHI,01/29/2020,11,20
MEM,MEM @ NYK,01/29/2020,9,5
BOS,BOS vs. GSW,01/30/2020,10,26
LAC,LAC vs. SAC,01/30/2020,7,24
PHI,PHI @ ATL,01/30/2020,20,4
CHA,CHA @ WAS,01/30/2020,18,9
TOR,TOR @ CLE,01/30/2020,12,9
GSW,GSW @ BOS,01/30/2020,26,10
SAC,SAC @ LAC,01/30/2020,24,7
ATL,ATL vs. PHI,01/30/2020,4,20
CLE,CLE vs. TOR,01/30/2020,9,12
WAS,WAS vs. CHA,01/30/2020,9,18
UTA,UTA @ DEN,01/30/2020,8,14
DEN,DEN vs. UTA,01/30/2020,14,8
BKN,BKN vs. CHI,01/31/2020,23,16
TOR,TOR @ DET,01/31/2020,17,3
DEN,DEN @ MIL,01/31/2020,13,20
DET,DET vs. TOR,01/31/2020,3,17
DAL,DAL @ HOU,01/31/2020,8,18
POR,POR @ LAL,01/31/2020,24,42
LAL,LAL vs. POR,01/31/2020,42,24
CHI,CHI @ BKN,01/31/2020,16,23
MEM,MEM @ NOP,01/31/2020,15,13
HOU,HOU vs. DAL,01/31/2020,18,8
NOP,NOP vs. MEM,01/31/2020,13,15
PHX,PHX vs. OKC,01/31/2020,11,12
OKC,OKC @ PHX,01/31/2020,12,11
MIL,MIL vs. DEN,01/31/2020,20,13
MIN,MIN @ LAC,02/01/2020,12,27
LAL,LAL @ SAC,02/01/2020,37,14
CLE,CLE vs. GSW,02/01/2020,8,27
LAC,LAC vs. MIN,02/01/2020,27,12
POR,POR vs. UTA,02/01/2020,17,12
BOS,BOS vs. PHI,02/01/2020,23,10
UTA,UTA @ POR,02/01/2020,12,17
IND,IND vs. NYK,02/01/2020,5,8
MIA,MIA @ ORL,02/01/2020,8,0
WAS,WAS vs. BKN,02/01/2020,14,5
NYK,NYK @ IND,02/01/2020,8,5
CHA,CHA @ SAS,02/01/2020,6,13
ORL,ORL vs. MIA,02/01/2020,0,8
SAS,SAS vs. CHA,02/01/2020,13,6
BKN,BKN @ WAS,02/01/2020,5,14
GSW,GSW @ CLE,02/01/2020,27,8
SAC,SAC vs. LAL,02/01/2020,14,37
DAL,DAL vs. ATL,02/01/2020,14,23
PHI,PHI @ BOS,02/01/2020,10,23
ATL,ATL @ DAL,02/01/2020,23,14
CHI,CHI @ TOR,02/02/2020,13,20
NOP,NOP @ HOU,02/02/2020,19,7
HOU,HOU vs. NOP,02/02/2020,7,19
DEN,DEN @ DET,02/02/2020,4,15
TOR,TOR vs. CHI,02/02/2020,20,13
MIL,MIL vs. PHX,02/02/2020,27,8
DET,DET vs. DEN,02/02/2020,15,4
PHX,PHX @ MIL,02/02/2020,8,27
ATL,ATL vs. BOS,02/03/2020,8,22
LAC,LAC vs. SAS,02/03/2020,19,11
MIA,MIA vs. PHI,02/03/2020,14,8
PHX,PHX @ BKN,02/03/2020,13,17
MIN,MIN @ SAC,02/03/2020,10,9
SAC,SAC vs. MIN,02/03/2020,9,10
GSW,GSW @ WAS,02/03/2020,11,9
WAS,WAS vs. GSW,02/03/2020,9,11
CHA,CHA vs. ORL,02/03/2020,14,11
NYK,NYK @ CLE,02/03/2020,15,0
BKN,BKN vs. PHX,02/03/2020,17,13
CLE,CLE vs. NYK,02/03/2020,0,15
DET,DET @ MEM,02/03/2020,6,19
MEM,MEM vs. DET,02/03/2020,19,6
DAL,DAL @ IND,02/03/2020,5,14
ORL,ORL @ CHA,02/03/2020,11,14
SAS,SAS @ LAC,02/03/2020,11,19
BOS,BOS @ ATL,02/03/2020,22,8
PHI,PHI @ MIA,02/03/2020,8,14
IND,IND vs. DAL,02/03/2020,14,5
NOP,NOP vs. MIL,02/04/2020,14,33
LAL,LAL vs. SAS,02/04/2020,24,6
DEN,DEN vs. POR,02/04/2020,12,3
SAS,SAS @ LAL,02/04/2020,6,24
POR,POR @ DEN,02/04/2020,3,12
MIL,MIL @ NOP,02/04/2020,33,14
CHA,CHA @ HOU,02/04/2020,10,10
HOU,HOU vs. CHA,02/04/2020,10,10
CLE,CLE @ OKC,02/05/2020,15,9
DET,DET vs. PHX,02/05/2020,10,11
MIA,MIA @ LAC,02/05/2020,14,7
UTA,UTA vs. DEN,02/05/2020,18,13
BOS,BOS vs. ORL,02/05/2020,6,18
GSW,GSW @ BKN,02/05/2020,8,16
PHX,PHX @ DET,02/05/2020,11,10
DAL,DAL vs. MEM,02/05/2020,10,22
MIN,MIN vs. ATL,02/05/2020,14,7
ORL,ORL @ BOS,02/05/2020,18,6
TOR,TOR vs. IND,02/05/2020,31,7
OKC,OKC vs. CLE,02/05/2020,9,15
DEN,DEN @ UTA,02/05/2020,13,18
IND,IND @ TOR,02/05/2020,7,31
LAC,LAC vs. MIA,02/05/2020,7,14
ATL,ATL @ MIN,02/05/2020,7,14
BKN,BKN vs. GSW,02/05/2020,16,8
MEM,MEM @ DAL,02/05/2020,22,10
POR,POR vs. SAS,02/06/2020,13,13
NYK,NYK vs. ORL,02/06/2020,8,9
SAS,SAS @ POR,02/06/2020,13,13
PHI,PHI @ MIL,02/06/2020,17,13
LAL,LAL vs. HOU,02/06/2020,18,26
NOP,NOP @ CHI,02/06/2020,20,15
HOU,HOU @ LAL,02/06/2020,26,18
CHI,CHI vs. NOP,02/06/2020,15,20
ORL,ORL @ NYK,02/06/2020,9,8
MIL,MIL vs. PHI,02/06/2020,13,17
POR,POR @ UTA,02/07/2020,8,20
OKC,OKC vs. DET,02/07/2020,2,0
MEM,MEM @ PHI,02/07/2020,24,18
DET,DET @ OKC,02/07/2020,0,2
TOR,TOR @ IND,02/07/2020,27,6
DAL,DAL @ WAS,02/07/2020,11,24
PHX,PHX vs. HOU,02/07/2020,22,9
BOS,BOS vs. ATL,02/07/2020,7,14
HOU,HOU @ PHX,02/07/2020,9,22
WAS,WAS vs. DAL,02/07/2020,24,11
IND,IND vs. TOR,02/07/2020,6,27
UTA,UTA vs. POR,02/07/2020,20,8
MIA,MIA @ SAC,02/07/2020,15,5
ATL,ATL @ BOS,02/07/2020,14,7
PHI,PHI vs. MEM,02/07/2020,18,24
SAC,SAC vs. MIA,02/07/2020,5,15
CHA,CHA vs. DAL,02/08/2020,16,9
NOP,NOP @ IND,02/08/2020,13,18
IND,IND vs. NOP,02/08/2020,18,13
LAC,LAC @ MIN,02/08/2020,4,6
GSW,GSW vs. LAL,02/08/2020,26,16
ORL,ORL vs. MIL,02/08/2020,0,10
DET,DET vs. NYK,02/08/2020,6,5
PHX,PHX vs. DEN,02/08/2020,10,17
LAL,LAL @ GSW,02/08/2020,16,26
MIL,MIL @ ORL,02/08/2020,10,0
SAS,SAS @ SAC,02/08/2020,11,11
SAC,SAC vs. SAS,02/08/2020,11,11
DEN,DEN @ PHX,02/08/2020,17,10
BKN,BKN @ TOR,02/08/2020,8,25
MIN,MIN vs. LAC,02/08/2020,6,4
DAL,DAL @ CHA,02/08/2020,9,16
TOR,TOR vs. BKN,02/08/2020,25,8
NYK,NYK @ DET,02/08/2020,5,6
BOS,BOS @ OKC,02/09/2020,12,5
CHI,CHI @ PHI,02/09/2020,18,16
MEM,MEM @ WAS,02/09/2020,14,17
ATL,ATL vs. NYK,02/09/2020,16,11
HOU,HOU vs. UTA,02/09/2020,12,3
WAS,WAS vs. MEM,02/09/2020,17,14
POR,POR vs. MIA,02/09/2020,18,20
UTA,UTA @ HOU,02/09/2020,3,12
NYK,NYK @ ATL,02/09/2020,11,16
PHI,PHI vs. CHI,02/09/2020,16,18
MIA,MIA @ POR,02/09/2020,20,18
OKC,OKC vs. BOS,02/09/2020,5,12
LAC,LAC @ CLE,02/09/2020,25,4
CLE,CLE vs. LAC,02/09/2020,4,25
UTA,UTA @ DAL,02/10/2020,15,12
ATL,ATL @ ORL,02/10/2020,12,17
MIN,MIN @ TOR,02/10/2020,10,35
SAC,SAC @ MIL,02/10/2020,18,18
TOR,TOR vs. MIN,02/10/2020,35,10
MIA,MIA @ GSW,02/10/2020,12,17
DET,DET vs. CHA,02/10/2020,3,7
MIL,MIL vs. SAC,02/10/2020,18,18
DEN,DEN vs. SAS,02/10/2020,3,12
GSW,GSW vs. MIA,02/10/2020,17,12
ORL,ORL vs. ATL,02/10/2020,17,12
PHX,PHX @ LAL,02/10/2020,22,15
LAL,LAL vs. PHX,02/10/2020,15,22
CHA,CHA @ DET,02/10/2020,7,3
DAL,DAL vs. UTA,02/10/2020,12,15
IND,IND vs. BKN,02/10/2020,13,11
SAS,SAS @ DEN,02/10/2020,12,3
BKN,BKN @ IND,02/10/2020,11,13
OKC,OKC vs. SAS,02/11/2020,6,4
CHI,CHI @ WAS,02/11/2020,18,11
HOU,HOU vs. BOS,02/11/2020,17,24
WAS,WAS vs. CHI,02/11/2020,11,18
LAC,LAC @ PHI,02/11/2020,5,13
BOS,BOS @ HOU,02/11/2020,24,17
SAS,SAS @ OKC,02/11/2020,4,6
POR,POR @ NOP,02/11/2020,13,35
NOP,NOP vs. POR,02/11/2020,35,13
PHI,PHI vs. LAC,02/11/2020,13,5
SAC,SAC @ DAL,02/12/2020,23,13
MIA,MIA @ UTA,02/12/2020,8,3
DEN,DEN vs. LAL,02/12/2020,11,10
TOR,TOR @ BKN,02/12/2020,22,11
ATL,ATL @ CLE,02/12/2020,12,10
GSW,GSW @ PHX,02/12/2020,9,14
MEM,MEM vs. POR,02/12/2020,21,16
UTA,UTA vs. MIA,02/12/2020,3,8
ORL,ORL vs. DET,02/12/2020,16,4
BKN,BKN vs. TOR,02/12/2020,11,22
WAS,WAS @ NYK,02/12/2020,18,5
POR,POR @ MEM,02/12/2020,16,21
PHX,PHX vs. GSW,02/12/2020,14,9
CLE,CLE vs. ATL,02/12/2020,10,12
MIL,MIL @ IND,02/12/2020,20,20
LAL,LAL @ DEN,02/12/2020,10,11
DAL,DAL vs. SAC,02/12/2020,13,23
IND,IND vs. MIL,02/12/2020,20,20
CHA,CHA @ MIN,02/12/2020,7,19
NYK,NYK vs. WAS,02/12/2020,5,18
DET,DET @ ORL,02/12/2020,4,16
MIN,MIN vs. CHA,02/12/2020,19,7
NOP,NOP vs. OKC,02/13/2020,10,19
BOS,BOS vs. LAC,02/13/2020,28,16
OKC,OKC @ NOP,02/13/2020,19,10
LAC,LAC @ BOS,02/13/2020,16,28
BKN,BKN @ PHI,02/20/2020,14,20
PHI,PHI vs. BKN,02/20/2020,20,14
MIA,MIA @ ATL,02/20/2020,16,11
GSW,GSW vs. HOU,02/20/2020,23,20
ATL,ATL vs. MIA,02/20/2020,11,16
MEM,MEM @ SAC,02/20/2020,19,8
CHA,CHA @ CHI,02/20/2020,14,6
MIL,MIL @ DET,02/20/2020,10,15
HOU,HOU @ GSW,02/20/2020,20,23
DET,DET vs. MIL,02/20/2020,15,10
SAC,SAC vs. MEM,02/20/2020,8,19
CHI,CHI vs. CHA,02/20/2020,6,14
WAS,WAS vs. CLE,02/21/2020,9,4
IND,IND @ NYK,02/21/2020,13,5
PHX,PHX @ TOR,02/21/2020,17,30
MEM,MEM @ LAL,02/21/2020,22,23
DAL,DAL @ ORL,02/21/2020,17,11
ORL,ORL vs. DAL,02/21/2020,11,17
UTA,UTA vs. SAS,02/21/2020,18,9
OKC,OKC vs. DEN,02/21/2020,12,10
SAS,SAS @ UTA,02/21/2020,9,18
BOS,BOS @ MIN,02/21/2020,11,18
DEN,DEN @ OKC,02/21/2020,10,12
POR,POR vs. NOP,02/21/2020,8,19
LAL,LAL vs. MEM,02/21/2020,23,22
MIN,MIN vs. BOS,02/21/2020,18,11
NOP,NOP @ POR,02/21/2020,19,8
NYK,NYK vs. IND,02/21/2020,5,13
CLE,CLE @ WAS,02/21/2020,4,9
TOR,TOR vs. PHX,02/21/2020,30,17
DAL,DAL @ ATL,02/22/2020,16,23
CHI,CHI vs. PHX,02/22/2020,25,18
CHA,CHA vs. BKN,02/22/2020,20,12
PHX,PHX @ CHI,02/22/2020,18,25
CLE,CLE @ MIA,02/22/2020,18,15
BKN,BKN @ CHA,02/22/2020,12,20
LAC,LAC vs. SAC,02/22/2020,18,20
UTA,UTA vs. HOU,02/22/2020,10,19
ATL,ATL vs. DAL,02/22/2020,23,16
SAC,SAC @ LAC,02/22/2020,20,18
HOU,HOU @ UTA,02/22/2020,19,10
PHI,PHI @ MIL,02/22/2020,23,31
MIA,MIA vs. CLE,02/22/2020,15,18
MIL,MIL vs. PHI,02/22/2020,31,23
BOS,BOS @ LAL,02/23/2020,18,16
NOP,NOP @ GSW,02/23/2020,27,13
LAL,LAL vs. BOS,02/23/2020,16,18
IND,IND @ TOR,02/23/2020,13,33
GSW,GSW vs. NOP,02/23/2020,13,27
POR,POR vs. DET,02/23/2020,20,21
TOR,TOR vs. IND,02/23/2020,33,13
CHI,CHI vs. WAS,02/23/2020,17,30
MIN,MIN @ DEN,02/23/2020,18,19
SAS,SAS @ OKC,02/23/2020,12,4
DET,DET @ POR,02/23/2020,21,20
DEN,DEN vs. MIN,02/23/2020,19,18
OKC,OKC vs. SAS,02/23/2020,4,12
WAS,WAS @ CHI,02/23/2020,30,17
WAS,WAS vs. MIL,02/24/2020,14,14
PHI,PHI vs. ATL,02/24/2020,14,25
MIN,MIN @ DAL,02/24/2020,22,24
UTA,UTA vs. PHX,02/24/2020,16,15
CLE,CLE vs. MIA,02/24/2020,10,6
BKN,BKN vs. ORL,02/24/2020,11,5
MIA,MIA @ CLE,02/24/2020,6,10
LAC,LAC vs. MEM,02/24/2020,23,18
PHX,PHX @ UTA,02/24/2020,15,16
HOU,HOU vs. NYK,02/24/2020,26,15
NYK,NYK @ HOU,02/24/2020,15,26
DAL,DAL vs. MIN,02/24/2020,24,22
ATL,ATL @ PHI,02/24/2020,25,14
MEM,MEM @ LAC,02/24/2020,18,23
ORL,ORL @ BKN,02/24/2020,5,11
MIL,MIL @ WAS,02/24/2020,14,14
TOR,TOR vs. MIL,02/25/2020,15,10
SAC,SAC @ GSW,02/25/2020,10,14
IND,IND vs. CHA,02/25/2020,21,13
CHA,CHA @ IND,02/25/2020,13,21
MIL,MIL @ TOR,02/25/2020,10,15
DET,DET @ DEN,02/25/2020,2,15
POR,POR vs. BOS,02/25/2020,26,23
BOS,BOS @ POR,02/25/2020,23,26
GSW,GSW vs. SAC,02/25/2020,14,10
NOP,NOP @ LAL,02/25/2020,29,36
OKC,OKC @ CHI,02/25/2020,6,15
LAL,LAL vs. NOP,02/25/2020,36,29
CHI,CHI vs. OKC,02/25/2020,15,6
DEN,DEN vs. DET,02/25/2020,15,2
ATL,ATL vs. ORL,02/26/2020,16,15
HOU,HOU vs. MEM,02/26/2020,23,16
NYK,NYK @ CHA,02/26/2020,9,6
WAS,WAS vs. BKN,02/26/2020,18,4
CLE,CLE vs. PHI,02/26/2020,11,4
CHA,CHA vs. NYK,02/26/2020,6,9
MIN,MIN @ MIA,02/26/2020,29,6
DAL,DAL @ SAS,02/26/2020,4,19
UTA,UTA vs. BOS,02/26/2020,9,11
MIA,MIA vs. MIN,02/26/2020,6,29
BOS,BOS @ UTA,02/26/2020,11,9
LAC,LAC @ PHX,02/26/2020,10,4
MEM,MEM @ HOU,02/26/2020,16,23
PHI,PHI @ CLE,02/26/2020,4,11
PHX,PHX vs. LAC,02/26/2020,4,10
SAS,SAS vs. DAL,02/26/2020,19,4
ORL,ORL @ ATL,02/26/2020,15,16
BKN,BKN @ WAS,02/26/2020,4,18
GSW,GSW vs. LAL,02/27/2020,16,23
SAC,SAC @ OKC,02/27/2020,5,3
POR,POR @ IND,02/27/2020,15,19
PHI,PHI vs. NYK,02/27/2020,6,3
OKC,OKC vs. SAC,02/27/2020,3,5
NYK,NYK @ PHI,02/27/2020,3,6
IND,IND vs. POR,02/27/2020,19,15
LAL,LAL @ GSW,02/27/2020,23,16
OKC,OKC @ MIL,02/28/2020,18,15
DEN,DEN @ LAC,02/28/2020,9,16
BKN,BKN @ ATL,02/28/2020,18,16
MIA,MIA vs. DAL,02/28/2020,13,5
PHX,PHX vs. DET,02/28/2020,19,5
MIN,MIN @ ORL,02/28/2020,2,11
MEM,MEM vs. SAC,02/28/2020,27,15
DAL,DAL @ MIA,02/28/2020,5,13
CLE,CLE @ NOP,02/28/2020,16,23
UTA,UTA vs. WAS,02/28/2020,5,15
TOR,TOR vs. CHA,02/28/2020,29,17
LAC,LAC vs. DEN,02/28/2020,16,9
WAS,WAS @ UTA,02/28/2020,15,5
NOP,NOP vs. CLE,02/28/2020,23,16
ORL,ORL vs. MIN,02/28/2020,11,2
DET,DET @ PHX,02/28/2020,5,19
MIL,MIL vs. OKC,02/28/2020,15,18
ATL,ATL vs. BKN,02/28/2020,16,18
CHA,CHA @ TOR,02/28/2020,17,29
SAC,SAC @ MEM,02/28/2020,15,27
POR,POR @ ATL,02/29/2020,21,21
PHX,PHX vs. GSW,02/29/2020,13,7
CLE,CLE vs. IND,02/29/2020,22,10
SAS,SAS vs. ORL,02/29/2020,8,25
MIA,MIA vs. BKN,02/29/2020,6,4
GSW,GSW @ PHX,02/29/2020,7,13
HOU,HOU @ BOS,02/29/2020,16,16
BOS,BOS vs. HOU,02/29/2020,16,16
BKN,BKN @ MIA,02/29/2020,4,6
NYK,NYK vs. CHI,02/29/2020,0,11
ATL,ATL vs. POR,02/29/2020,21,21
MEM,MEM vs. LAL,02/29/2020,12,13
CHI,CHI @ NYK,02/29/2020,11,0
LAL,LAL @ MEM,02/29/2020,13,12
IND,IND @ CLE,02/29/2020,10,22
ORL,ORL @ SAS,02/29/2020,25,8
MIL,MIL @ CHA,03/01/2020,15,4
TOR,TOR @ DEN,03/01/2020,18,7
LAC,LAC vs. PHI,03/01/2020,18,7
MIN,MIN vs. DAL,03/01/2020,17,12
GSW,GSW vs. WAS,03/01/2020,11,24
WAS,WAS @ GSW,03/01/2020,24,11
CHA,CHA vs. MIL,03/01/2020,4,15
DEN,DEN vs. TOR,03/01/2020,7,18
SAC,SAC vs. DET,03/01/2020,17,12
LAL,LAL @ NOP,03/01/2020,33,22
NOP,NOP vs. LAL,03/01/2020,22,33
DET,DET @ SAC,03/01/2020,12,17
DAL,DAL @ MIN,03/01/2020,12,17
PHI,PHI @ LAC,03/01/2020,7,18
MIA,MIA vs. MIL,03/02/2020,6,7
ORL,ORL vs. POR,03/02/2020,13,16
MIL,MIL @ MIA,03/02/2020,7,6
CHI,CHI vs. DAL,03/02/2020,9,6
IND,IND @ SAS,03/02/2020,8,16
MEM,MEM @ ATL,03/02/2020,18,3
SAS,SAS vs. IND,03/02/2020,16,8
HOU,HOU @ NYK,03/02/2020,10,9
NYK,NYK vs. HOU,03/02/2020,9,10
POR,POR @ ORL,03/02/2020,16,13
UTA,UTA @ CLE,03/02/2020,7,18
ATL,ATL vs. MEM,03/02/2020,3,18
CLE,CLE vs. UTA,03/02/2020,18,7
DAL,DAL @ CHI,03/02/2020,6,9
OKC,OKC vs. LAC,03/03/2020,7,6
LAL,LAL vs. PHI,03/03/2020,19,29
SAC,SAC vs. WAS,03/03/2020,18,21
TOR,TOR @ PHX,03/03/2020,17,23
WAS,WAS @ SAC,03/03/2020,21,18
NOP,NOP vs. MIN,03/03/2020,29,19
SAS,SAS @ CHA,03/03/2020,9,8
BOS,BOS vs. BKN,03/03/2020,10,9
MIN,MIN @ NOP,03/03/2020,19,29
DEN,DEN vs. GSW,03/03/2020,8,8
LAC,LAC @ OKC,03/03/2020,6,7
PHX,PHX vs. TOR,03/03/2020,23,17
CHA,CHA vs. SAS,03/03/2020,8,9
BKN,BKN @ BOS,03/03/2020,9,10
PHI,PHI @ LAL,03/03/2020,29,19
GSW,GSW @ DEN,03/03/2020,8,8
MIL,MIL vs. IND,03/04/2020,37,14
CLE,CLE vs. BOS,03/04/2020,6,14
MEM,MEM @ BKN,03/04/2020,26,15
MIN,MIN vs. CHI,03/04/2020,10,7
MIA,MIA vs. ORL,03/04/2020,20,11
WAS,WAS @ POR,03/04/2020,12,21
IND,IND @ MIL,03/04/2020,14,37
BOS,BOS @ CLE,03/04/2020,14,6
NYK,NYK vs. UTA,03/04/2020,0,9
DET,DET vs. OKC,03/04/2020,8,8
DAL,DAL vs. NOP,03/04/2020,12,9
CHI,CHI @ MIN,03/04/2020,7,10
OKC,OKC @ DET,03/04/2020,8,8
ORL,ORL @ MIA,03/04/2020,11,20
POR,POR vs. WAS,03/04/2020,21,12
UTA,UTA @ NYK,03/04/2020,9,0
NOP,NOP @ DAL,03/04/2020,9,12
BKN,BKN vs. MEM,03/04/2020,15,26
PHI,PHI @ SAC,03/05/2020,9,18
GSW,GSW vs. TOR,03/05/2020,14,34
HOU,HOU vs. LAC,03/05/2020,18,21
SAC,SAC vs. PHI,03/05/2020,18,9
LAC,LAC @ HOU,03/05/2020,21,18
TOR,TOR @ GSW,03/05/2020,34,14
CHA,CHA vs. DEN,03/05/2020,15,10
DEN,DEN @ CHA,03/05/2020,10,15
LAL,LAL vs. MIL,03/06/2020,27,20
MEM,MEM @ DAL,03/06/2020,24,19
UTA,UTA @ BOS,03/06/2020,6,18
SAS,SAS @ BKN,03/06/2020,11,16
MIL,MIL @ LAL,03/06/2020,20,27
NYK,NYK vs. OKC,03/06/2020,4,9
PHX,PHX vs. POR,03/06/2020,21,16
NOP,NOP vs. MIA,03/06/2020,13,26
CHI,CHI vs. IND,03/06/2020,17,17
WAS,WAS vs. ATL,03/06/2020,14,21
IND,IND @ CHI,03/06/2020,17,17
POR,POR @ PHX,03/06/2020,16,21
DAL,DAL vs. MEM,03/06/2020,19,24
MIA,MIA @ NOP,03/06/2020,26,13
ATL,ATL @ WAS,03/06/2020,21,14
BKN,BKN vs. SAS,03/06/2020,16,11
MIN,MIN vs. ORL,03/06/2020,9,14
ORL,ORL @ MIN,03/06/2020,14,9
OKC,OKC @ NYK,03/06/2020,9,4
BOS,BOS vs. UTA,03/06/2020,18,6
DEN,DEN @ CLE,03/07/2020,13,15
ATL,ATL @ MEM,03/07/2020,22,16
PHI,PHI @ GSW,03/07/2020,5,9
UTA,UTA @ DET,03/07/2020,14,9
CLE,CLE vs. DEN,03/07/2020,15,13
MEM,MEM vs. ATL,03/07/2020,16,22
CHA,CHA vs. HOU,03/07/2020,13,8
HOU,HOU @ CHA,03/07/2020,8,13
SAC,SAC @ POR,03/07/2020,20,16
POR,POR vs. SAC,03/07/2020,16,20
GSW,GSW vs. PHI,03/07/2020,9,5
DET,DET vs. UTA,03/07/2020,9,14
WAS,WAS vs. MIA,03/08/2020,8,10
SAC,SAC vs. TOR,03/08/2020,17,23
OKC,OKC @ BOS,03/08/2020,16,20
NYK,NYK vs. DET,03/08/2020,8,4
ORL,ORL @ HOU,03/08/2020,15,12
NOP,NOP @ MIN,03/08/2020,20,15
DAL,DAL vs. IND,03/08/2020,13,25
LAL,LAL @ LAC,03/08/2020,9,17
TOR,TOR @ SAC,03/08/2020,23,17
MIN,MIN vs. NOP,03/08/2020,15,20
DET,DET @ NYK,03/08/2020,4,8
MIA,MIA @ WAS,03/08/2020,10,8
HOU,HOU vs. ORL,03/08/2020,12,15
CHI,CHI @ BKN,03/08/2020,7,18
MIL,MIL @ PHX,03/08/2020,9,15
SAS,SAS @ CLE,03/08/2020,15,11
CLE,CLE vs. SAS,03/08/2020,11,15
BOS,BOS vs. OKC,03/08/2020,20,16
PHX,PHX vs. MIL,03/08/2020,15,9
LAC,LAC vs. LAL,03/08/2020,17,9
IND,IND @ DAL,03/08/2020,25,13
BKN,BKN vs. CHI,03/08/2020,18,7
ATL,ATL vs. CHA,03/09/2020,8,10
DEN,DEN vs. MIL,03/09/2020,17,15
UTA,UTA vs. TOR,03/09/2020,16,13
CHA,CHA @ ATL,03/09/2020,10,8
TOR,TOR @ UTA,03/09/2020,13,16
MIL,MIL @ DEN,03/09/2020,15,17
GSW,GSW vs. LAC,03/10/2020,12,15
HOU,HOU vs. MIN,03/10/2020,13,17
LAL,LAL vs. BKN,03/10/2020,18,14
NYK,NYK @ WAS,03/10/2020,6,13
BKN,BKN @ LAL,03/10/2020,14,18
CLE,CLE @ CHI,03/10/2020,11,11
IND,IND vs. BOS,03/10/2020,14,14
POR,POR vs. PHX,03/10/2020,15,12
ORL,ORL @ MEM,03/10/2020,15,12
SAS,SAS vs. DAL,03/10/2020,20,11
CHI,CHI vs. CLE,03/10/2020,11,11
PHX,PHX @ POR,03/10/2020,12,15
MEM,MEM vs. ORL,03/10/2020,12,15
LAC,LAC @ GSW,03/10/2020,15,12
WAS,WAS vs. NYK,03/10/2020,13,6
BOS,BOS @ IND,03/10/2020,14,14
DAL,DAL @ SAS,03/10/2020,11,20
MIN,MIN @ HOU,03/10/2020,17,13
ATL,ATL vs. NYK,03/11/2020,12,29
PHI,PHI vs. DET,03/11/2020,11,13
CHA,CHA @ MIA,03/11/2020,9,15
DEN,DEN @ DAL,03/11/2020,20,14
DET,DET @ PHI,03/11/2020,13,11
MIA,MIA vs. CHA,03/11/2020,15,9
DAL,DAL vs. DEN,03/11/2020,14,20
NYK,NYK @ ATL,03/11/2020,29,12
LAL,LAL @ LAC,10/22/2019,5,22
NOP,NOP @ TOR,10/22/2019,13,20
LAC,LAC vs. LAL,10/22/2019,22,5
TOR,TOR vs. NOP,10/22/2019,20,13
CLE,CLE @ ORL,10/23/2019,10,14
MIN,MIN @ BKN,10/23/2019,8,20
MIA,MIA vs. MEM,10/23/2019,12,20
DET,DET @ IND,10/23/2019,12,8
ORL,ORL vs. CLE,10/23/2019,14,10
POR,POR vs. DEN,10/23/2019,12,10
CHA,CHA vs. CHI,10/23/2019,25,21
WAS,WAS @ DAL,10/23/2019,20,14
OKC,OKC @ UTA,10/23/2019,7,18
CHI,CHI @ CHA,10/23/2019,21,25
SAS,SAS vs. NYK,10/23/2019,30,29
IND,IND vs. DET,10/23/2019,8,12
DAL,DAL vs. WAS,10/23/2019,14,20
DEN,DEN @ POR,10/23/2019,10,12
NYK,NYK @ SAS,10/23/2019,29,30
SAC,SAC @ PHX,10/23/2019,11,27
BOS,BOS @ PHI,10/23/2019,8,14
PHX,PHX vs. SAC,10/23/2019,27,11
UTA,UTA vs. OKC,10/23/2019,18,7
BKN,BKN vs. MIN,10/23/2019,20,8
MEM,MEM @ MIA,10/23/2019,20,12
PHI,PHI vs. BOS,10/23/2019,14,8
ATL,ATL @ DET,10/24/2019,18,4
DET,DET vs. ATL,10/24/2019,4,18
LAC,LAC @ GSW,10/24/2019,19,25
MIL,MIL @ HOU,10/24/2019,17,27
HOU,HOU vs. MIL,10/24/2019,27,17
GSW,GSW vs. LAC,10/24/2019,25,19
CHA,CHA vs. MIN,10/25/2019,14,8
DAL,DAL @ NOP,10/25/2019,28,15
NOP,NOP vs. DAL,10/25/2019,15,28
UTA,UTA @ LAL,10/25/2019,14,13
MEM,MEM vs. CHI,10/25/2019,16,25
DEN,DEN vs. PHX,10/25/2019,14,10
SAC,SAC vs. POR,10/25/2019,10,4
OKC,OKC vs. WAS,10/25/2019,7,10
WAS,WAS @ OKC,10/25/2019,10,7
NYK,NYK @ BKN,10/25/2019,13,21
PHX,PHX @ DEN,10/25/2019,10,14
MIN,MIN @ CHA,10/25/2019,8,14
TOR,TOR @ BOS,10/25/2019,11,11
CHI,CHI @ MEM,10/25/2019,25,16
LAL,LAL vs. UTA,10/25/2019,13,14
BOS,BOS vs. TOR,10/25/2019,11,11
POR,POR @ SAC,10/25/2019,4,10
BKN,BKN vs. NYK,10/25/2019,21,13
NYK,NYK vs. BOS,10/26/2019,2,16
IND,IND @ CLE,10/26/2019,13,4
DET,DET vs. PHI,10/26/2019,10,7
MIA,MIA @ MIL,10/26/2019,11,25
CHI,CHI vs. TOR,10/26/2019,7,25
PHX,PHX vs. LAC,10/26/2019,16,15
TOR,TOR @ CHI,10/26/2019,25,7
ORL,ORL @ ATL,10/26/2019,8,14
CLE,CLE vs. IND,10/26/2019,4,13
ATL,ATL vs. ORL,10/26/2019,14,8
WAS,WAS @ SAS,10/26/2019,12,13
NOP,NOP @ HOU,10/26/2019,13,17
BOS,BOS @ NYK,10/26/2019,16,2
HOU,HOU vs. NOP,10/26/2019,17,13
SAC,SAC @ UTA,10/26/2019,4,12
SAS,SAS vs. WAS,10/26/2019,13,12
PHI,PHI @ DET,10/26/2019,7,10
MIL,MIL vs. MIA,10/26/2019,25,11
UTA,UTA vs. SAC,10/26/2019,12,4
LAC,LAC @ PHX,10/26/2019,15,16
BKN,BKN @ MEM,10/27/2019,18,18
MIA,MIA @ MIN,10/27/2019,3,9
MEM,MEM vs. BKN,10/27/2019,18,18
MIN,MIN vs. MIA,10/27/2019,9,3
OKC,OKC vs. GSW,10/27/2019,18,3
DAL,DAL vs. POR,10/27/2019,8,24
GSW,GSW @ OKC,10/27/2019,3,18
CHA,CHA @ LAL,10/27/2019,26,16
POR,POR @ DAL,10/27/2019,24,8
LAL,LAL vs. CHA,10/27/2019,16,26
DET,DET vs. IND,10/28/2019,3,16
TOR,TOR vs. ORL,10/28/2019,21,12
NOP,NOP vs. GSW,10/28/2019,19,15
ORL,ORL @ TOR,10/28/2019,12,21
POR,POR @ SAS,10/28/2019,18,22
HOU,HOU vs. OKC,10/28/2019,10,12
DEN,DEN @ SAC,10/28/2019,4,18
IND,IND @ DET,10/28/2019,16,3
MIL,MIL vs. CLE,10/28/2019,24,11
PHI,PHI @ ATL,10/28/2019,8,2
CHI,CHI @ NYK,10/28/2019,13,8
CHA,CHA @ LAC,10/28/2019,9,15
SAC,SAC vs. DEN,10/28/2019,18,4
LAC,LAC vs. CHA,10/28/2019,15,9
OKC,OKC @ HOU,10/28/2019,12,10
PHX,PHX vs. UTA,10/28/2019,11,17
UTA,UTA @ PHX,10/28/2019,17,11
NYK,NYK vs. CHI,10/28/2019,8,13
CLE,CLE @ MIL,10/28/2019,11,24
GSW,GSW @ NOP,10/28/2019,15,19
SAS,SAS vs. POR,10/28/2019,22,18
ATL,ATL vs. PHI,10/28/2019,2,8
LAL,LAL vs. MEM,10/29/2019,27,12
DAL,DAL @ DEN,10/29/2019,11,6
DEN,DEN vs. DAL,10/29/2019,6,11
ATL,ATL @ MIA,10/29/2019,6,12
MIA,MIA vs. ATL,10/29/2019,12,6
MEM,MEM @ LAL,10/29/2019,12,27
WAS,WAS vs. HOU,10/30/2019,9,21
IND,IND @ BKN,10/30/2019,5,7
CLE,CLE vs. CHI,10/30/2019,10,13
CHA,CHA @ SAC,10/30/2019,8,19
MIN,MIN @ PHI,10/30/2019,18,15
CHI,CHI @ CLE,10/30/2019,13,10
SAC,SAC vs. CHA,10/30/2019,19,8
GSW,GSW vs. PHX,10/30/2019,23,20
PHI,PHI vs. MIN,10/30/2019,15,18
HOU,HOU @ WAS,10/30/2019,21,9
OKC,OKC vs. POR,10/30/2019,5,18
DET,DET @ TOR,10/30/2019,11,23
POR,POR @ OKC,10/30/2019,18,5
LAC,LAC @ UTA,10/30/2019,7,11
MIL,MIL @ BOS,10/30/2019,7,11
PHX,PHX @ GSW,10/30/2019,20,23
NYK,NYK @ ORL,10/30/2019,0,11
BKN,BKN vs. IND,10/30/2019,7,5
BOS,BOS vs. MIL,10/30/2019,11,7
UTA,UTA vs. LAC,10/30/2019,11,7
TOR,TOR vs. DET,10/30/2019,23,11
ORL,ORL vs. NYK,10/30/2019,11,0
SAS,SAS @ LAC,10/31/2019,20,13
ATL,ATL vs. MIA,10/31/2019,16,14
LAC,LAC vs. SAS,10/31/2019,13,20
DEN,DEN @ NOP,10/31/2019,20,37
MIA,MIA @ ATL,10/31/2019,14,16
NOP,NOP vs. DEN,10/31/2019,37,20
NYK,NYK @ BOS,11/01/2019,17,16
GSW,GSW vs. SAS,11/01/2019,16,14
BKN,BKN vs. HOU,11/01/2019,17,15
LAL,LAL @ DAL,11/01/2019,19,6
SAC,SAC vs. UTA,11/01/2019,10,5
MIL,MIL @ ORL,11/01/2019,36,2
ORL,ORL vs. MIL,11/01/2019,2,36
UTA,UTA @ SAC,11/01/2019,5,10
HOU,HOU @ BKN,11/01/2019,15,17
CHI,CHI vs. DET,11/01/2019,8,13
BOS,BOS vs. NYK,11/01/2019,16,17
IND,IND vs. CLE,11/01/2019,18,16
SAS,SAS @ GSW,11/01/2019,14,16
CLE,CLE @ IND,11/01/2019,16,18
DET,DET @ CHI,11/01/2019,13,8
DAL,DAL vs. LAL,11/01/2019,6,19
MIN,MIN @ WAS,11/02/2019,16,8
PHX,PHX @ MEM,11/02/2019,17,14
ORL,ORL vs. DEN,11/02/2019,11,3
POR,POR vs. PHI,11/02/2019,14,23
MIL,MIL vs. TOR,11/02/2019,14,16
NOP,NOP @ OKC,11/02/2019,7,8
BKN,BKN @ DET,11/02/2019,13,8
DET,DET vs. BKN,11/02/2019,8,13
MEM,MEM vs. PHX,11/02/2019,14,17
OKC,OKC vs. NOP,11/02/2019,8,7
GSW,GSW vs. CHA,11/02/2019,10,7
WAS,WAS vs. MIN,11/02/2019,8,16
PHI,PHI @ POR,11/02/2019,23,14
TOR,TOR @ MIL,11/02/2019,16,14
CHA,CHA @ GSW,11/02/2019,7,10
DEN,DEN @ ORL,11/02/2019,3,11
IND,IND vs. CHI,11/03/2019,6,11
UTA,UTA @ LAC,11/03/2019,4,11
NYK,NYK vs. SAC,11/03/2019,9,9
HOU,HOU @ MIA,11/03/2019,6,25
CLE,CLE vs. DAL,11/03/2019,9,10
LAL,LAL @ SAS,11/03/2019,15,20
MIA,MIA vs. HOU,11/03/2019,25,6
CHI,CHI @ IND,11/03/2019,11,6
SAC,SAC @ NYK,11/03/2019,9,9
SAS,SAS vs. LAL,11/03/2019,20,15
DAL,DAL @ CLE,11/03/2019,10,9
LAC,LAC vs. UTA,11/03/2019,11,4
PHX,PHX vs. PHI,11/04/2019,15,8
MEM,MEM vs. HOU,11/04/2019,25,12
BKN,BKN vs. NOP,11/04/2019,23,16
WAS,WAS vs. DET,11/04/2019,7,11
HOU,HOU @ MEM,11/04/2019,12,25
NOP,NOP @ BKN,11/04/2019,16,23
MIN,MIN vs. MIL,11/04/2019,10,14
POR,POR @ GSW,11/04/2019,17,8
MIL,MIL @ MIN,11/04/2019,14,10
GSW,GSW vs. POR,11/04/2019,8,17
PHI,PHI @ PHX,11/04/2019,8,15
DET,DET @ WAS,11/04/2019,11,7
OKC,OKC vs. ORL,11/05/2019,5,4
CLE,CLE vs. BOS,11/05/2019,11,6
ATL,ATL vs. SAS,11/05/2019,11,8
MIA,MIA @ DEN,11/05/2019,11,18
DEN,DEN vs. MIA,11/05/2019,18,11
ORL,ORL @ OKC,11/05/2019,4,5
IND,IND @ CHA,11/05/2019,10,12
CHA,CHA vs. IND,11/05/2019,12,10
LAL,LAL @ CHI,11/05/2019,14,26
CHI,CHI vs. LAL,11/05/2019,26,14
BOS,BOS @ CLE,11/05/2019,6,11
SAS,SAS @ ATL,11/05/2019,8,11
SAC,SAC @ TOR,11/06/2019,10,18
ORL,ORL @ DAL,11/06/2019,22,12
CHI,CHI @ ATL,11/06/2019,18,6
UTA,UTA vs. PHI,11/06/2019,13,9
MIL,MIL @ LAC,11/06/2019,17,16
DAL,DAL vs. ORL,11/06/2019,12,22
PHI,PHI @ UTA,11/06/2019,9,13
GSW,GSW @ HOU,11/06/2019,9,12
WAS,WAS @ IND,11/06/2019,15,24
IND,IND vs. WAS,11/06/2019,24,15
ATL,ATL vs. CHI,11/06/2019,6,18
DET,DET vs. NYK,11/06/2019,14,7
NYK,NYK @ DET,11/06/2019,7,14
MEM,MEM vs. MIN,11/06/2019,26,13
LAC,LAC vs. MIL,11/06/2019,16,17
HOU,HOU vs. GSW,11/06/2019,12,9
TOR,TOR vs. SAC,11/06/2019,18,10
MIN,MIN @ MEM,11/06/2019,13,26
OKC,OKC @ SAS,11/07/2019,18,13
POR,POR @ LAC,11/07/2019,16,20
CHA,CHA vs. BOS,11/07/2019,8,13
LAC,LAC vs. POR,11/07/2019,20,16
SAS,SAS vs. OKC,11/07/2019,13,18
BOS,BOS @ CHA,11/07/2019,13,8
MIA,MIA @ PHX,11/07/2019,10,12
PHX,PHX vs. MIA,11/07/2019,12,10
IND,IND vs. DET,11/08/2019,20,14
GSW,GSW @ MIN,11/08/2019,8,4
DAL,DAL vs. NYK,11/08/2019,9,15
ORL,ORL vs. MEM,11/08/2019,13,14
SAC,SAC @ ATL,11/08/2019,15,6
PHI,PHI @ DEN,11/08/2019,6,18
NOP,NOP vs. TOR,11/08/2019,14,38
ATL,ATL vs. SAC,11/08/2019,6,15
CLE,CLE @ WAS,11/08/2019,10,8
TOR,TOR @ NOP,11/08/2019,38,14
NYK,NYK @ DAL,11/08/2019,15,9
BKN,BKN @ POR,11/08/2019,11,14
UTA,UTA vs. MIL,11/08/2019,10,12
MIA,MIA @ LAL,11/08/2019,12,4
LAL,LAL vs. MIA,11/08/2019,4,12
MIN,MIN vs. GSW,11/08/2019,4,8
DET,DET @ IND,11/08/2019,14,20
MIL,MIL @ UTA,11/08/2019,12,10
DEN,DEN vs. PHI,11/08/2019,18,6
WAS,WAS vs. CLE,11/08/2019,8,10
POR,POR vs. BKN,11/08/2019,14,11
MEM,MEM @ ORL,11/08/2019,14,13
DAL,DAL @ MEM,11/09/2019,12,12
MEM,MEM vs. DAL,11/09/2019,12,12
OKC,OKC vs. GSW,11/09/2019,7,11
SAS,SAS vs. BOS,11/09/2019,10,21
GSW,GSW @ OKC,11/09/2019,11,7
BOS,BOS @ SAS,11/09/2019,21,10
NOP,NOP @ CHA,11/09/2019,14,15
CHI,CHI vs. HOU,11/09/2019,25,28
HOU,HOU @ CHI,11/09/2019,28,25
CHA,CHA vs. NOP,11/09/2019,15,14
CLE,CLE @ NYK,11/10/2019,23,11
IND,IND @ ORL,11/10/2019,3,12
DEN,DEN @ MIN,11/10/2019,5,8
LAL,LAL vs. TOR,11/10/2019,8,32
PHI,PHI vs. CHA,11/10/2019,8,14
PHX,PHX vs. BKN,11/10/2019,20,12
NYK,NYK vs. CLE,11/10/2019,11,23
BKN,BKN @ PHX,11/10/2019,12,20
ORL,ORL vs. IND,11/10/2019,12,3
TOR,TOR @ LAL,11/10/2019,32,8
POR,POR vs. ATL,11/10/2019,14,16
MIL,MIL @ OKC,11/10/2019,11,5
CHA,CHA @ PHI,11/10/2019,14,8
MIN,MIN vs. DEN,11/10/2019,8,5
OKC,OKC vs. MIL,11/10/2019,5,11
ATL,ATL @ POR,11/10/2019,16,14
BOS,BOS vs. DAL,11/11/2019,7,11
NOP,NOP vs. HOU,11/11/2019,26,16
MIN,MIN @ DET,11/11/2019,15,22
TOR,TOR @ LAC,11/11/2019,19,19
DET,DET vs. MIN,11/11/2019,22,15
UTA,UTA @ GSW,11/11/2019,4,20
MEM,MEM @ SAS,11/11/2019,7,12
HOU,HOU @ NOP,11/11/2019,16,26
DAL,DAL @ BOS,11/11/2019,11,7
GSW,GSW vs. UTA,11/11/2019,20,4
LAC,LAC vs. TOR,11/11/2019,19,19
SAS,SAS vs. MEM,11/11/2019,12,7
OKC,OKC @ IND,11/12/2019,9,15
BKN,BKN @ UTA,11/12/2019,13,9
SAC,SAC vs. POR,11/12/2019,17,9
NYK,NYK @ CHI,11/12/2019,20,10
CHI,CHI vs. NYK,11/12/2019,10,20
IND,IND vs. OKC,11/12/2019,15,9
LAL,LAL @ PHX,11/12/2019,12,10
UTA,UTA vs. BKN,11/12/2019,9,13
DET,DET @ MIA,11/12/2019,17,8
ATL,ATL @ DEN,11/12/2019,18,12
PHI,PHI vs. CLE,11/12/2019,25,13
POR,POR @ SAC,11/12/2019,9,17
DEN,DEN vs. ATL,11/12/2019,12,18
PHX,PHX vs. LAL,11/12/2019,10,12
CLE,CLE @ PHI,11/12/2019,13,25
MIA,MIA vs. DET,11/12/2019,8,17
HOU,HOU vs. LAC,11/13/2019,10,9
LAL,LAL vs. GSW,11/13/2019,14,13
WAS,WAS @ BOS,11/13/2019,26,17
GSW,GSW @ LAL,11/13/2019,13,14
SAS,SAS @ MIN,11/13/2019,6,5
PHI,PHI @ ORL,11/13/2019,14,20
POR,POR vs. TOR,11/13/2019,10,18
BOS,BOS vs. WAS,11/13/2019,17,26
MIN,MIN vs. SAS,11/13/2019,5,6
ORL,ORL vs. PHI,11/13/2019,20,14
CHA,CHA vs. MEM,11/13/2019,17,7
MEM,MEM @ CHA,11/13/2019,7,17
LAC,LAC @ HOU,11/13/2019,9,10
TOR,TOR @ POR,11/13/2019,18,10
CHI,CHI @ MIL,11/14/2019,19,23
DEN,DEN vs. BKN,11/14/2019,12,11
ATL,ATL @ PHX,11/14/2019,9,21
CLE,CLE vs. MIA,11/14/2019,13,18
PHX,PHX vs. ATL,11/14/2019,21,9
NOP,NOP vs. LAC,11/14/2019,14,13
MIL,MIL vs. CHI,11/14/2019,23,19
LAC,LAC @ NOP,11/14/2019,13,14
MIA,MIA @ CLE,11/14/2019,18,13
BKN,BKN @ DEN,11/14/2019,11,12
DAL,DAL @ NYK,11/14/2019,2,5
NYK,NYK vs. DAL,11/14/2019,5,2
DET,DET @ CHA,11/15/2019,11,15
MIN,MIN vs. WAS,11/15/2019,9,18
IND,IND @ HOU,11/15/2019,13,10
MEM,MEM vs. UTA,11/15/2019,21,9
LAL,LAL vs. SAC,11/15/2019,15,14
WAS,WAS @ MIN,11/15/2019,18,9
CHA,CHA vs. DET,11/15/2019,15,11
ORL,ORL vs. SAS,11/15/2019,17,16
PHI,PHI @ OKC,11/15/2019,8,10
SAC,SAC @ LAL,11/15/2019,14,15
SAS,SAS @ ORL,11/15/2019,16,17
BOS,BOS @ GSW,11/15/2019,23,15
UTA,UTA @ MEM,11/15/2019,9,21
GSW,GSW vs. BOS,11/15/2019,15,23
HOU,HOU vs. IND,11/15/2019,10,13
OKC,OKC vs. PHI,11/15/2019,10,8
BKN,BKN @ CHI,11/16/2019,16,11
NYK,NYK vs. CHA,11/16/2019,4,14
IND,IND vs. MIL,11/16/2019,11,24
MIL,MIL @ IND,11/16/2019,24,11
TOR,TOR @ DAL,11/16/2019,19,7
HOU,HOU @ MIN,11/16/2019,13,15
LAC,LAC vs. ATL,11/16/2019,37,15
DAL,DAL vs. TOR,11/16/2019,7,19
POR,POR @ SAS,11/16/2019,9,12
MIN,MIN vs. HOU,11/16/2019,15,13
NOP,NOP @ MIA,11/16/2019,10,18
ATL,ATL @ LAC,11/16/2019,15,37
SAS,SAS vs. POR,11/16/2019,12,9
CHA,CHA @ NYK,11/16/2019,14,4
MIA,MIA vs. NOP,11/16/2019,18,10
CHI,CHI vs. BKN,11/16/2019,11,16
BOS,BOS @ SAC,11/17/2019,8,15
ATL,ATL @ LAL,11/17/2019,15,22
CLE,CLE vs. PHI,11/17/2019,8,17
WAS,WAS @ ORL,11/17/2019,9,4
PHI,PHI @ CLE,11/17/2019,17,8
SAC,SAC vs. BOS,11/17/2019,15,8
GSW,GSW @ NOP,11/17/2019,18,8
MEM,MEM vs. DEN,11/17/2019,10,29
LAL,LAL vs. ATL,11/17/2019,22,15
ORL,ORL vs. WAS,11/17/2019,4,9
DEN,DEN @ MEM,11/17/2019,29,10
NOP,NOP vs. GSW,11/17/2019,8,18
CHA,CHA @ TOR,11/18/2019,5,20
MIL,MIL @ CHI,11/18/2019,16,11
CHI,CHI vs. MIL,11/18/2019,11,16
BOS,BOS @ PHX,11/18/2019,16,21
IND,IND @ BKN,11/18/2019,14,5
MIN,MIN @ UTA,11/18/2019,8,10
UTA,UTA vs. MIN,11/18/2019,10,8
OKC,OKC @ LAC,11/18/2019,7,5
POR,POR @ HOU,11/18/2019,11,11
PHX,PHX vs. BOS,11/18/2019,21,16
SAS,SAS @ DAL,11/18/2019,7,16
NYK,NYK vs. CLE,11/18/2019,9,4
HOU,HOU vs. POR,11/18/2019,11,11
CLE,CLE @ NYK,11/18/2019,4,9
DAL,DAL vs. SAS,11/18/2019,16,7
TOR,TOR vs. CHA,11/18/2019,20,5
BKN,BKN vs. IND,11/18/2019,5,14
LAC,LAC vs. OKC,11/18/2019,5,7
NOP,NOP vs. POR,11/19/2019,14,14
LAL,LAL vs. OKC,11/19/2019,30,16
SAC,SAC vs. PHX,11/19/2019,7,3
MEM,MEM vs. GSW,11/19/2019,14,12
GSW,GSW @ MEM,11/19/2019,12,14
OKC,OKC @ LAL,11/19/2019,16,30
POR,POR @ NOP,11/19/2019,14,14
PHX,PHX @ SAC,11/19/2019,3,7
GSW,GSW @ DAL,11/20/2019,15,16
DET,DET @ CHI,11/20/2019,9,18
MIN,MIN vs. UTA,11/20/2019,8,16
UTA,UTA @ MIN,11/20/2019,16,8
BKN,BKN vs. CHA,11/20/2019,9,8
CHA,CHA @ BKN,11/20/2019,8,9
HOU,HOU @ DEN,11/20/2019,20,20
TOR,TOR vs. ORL,11/20/2019,5,16
PHI,PHI vs. NYK,11/20/2019,19,9
ATL,ATL vs. MIL,11/20/2019,12,13
MIA,MIA vs. CLE,11/20/2019,7,11
LAC,LAC vs. BOS,11/20/2019,8,17
DEN,DEN vs. HOU,11/20/2019,20,20
NYK,NYK @ PHI,11/20/2019,9,19
DAL,DAL vs. GSW,11/20/2019,16,15
ORL,ORL @ TOR,11/20/2019,16,5
CHI,CHI vs. DET,11/20/2019,18,9
WAS,WAS vs. SAS,11/20/2019,14,16
CLE,CLE @ MIA,11/20/2019,11,7
BOS,BOS @ LAC,11/20/2019,17,8
MIL,MIL @ ATL,11/20/2019,13,12
SAS,SAS @ WAS,11/20/2019,16,14
MIL,MIL vs. POR,11/21/2019,19,24
PHX,PHX vs. NOP,11/21/2019,15,12
POR,POR @ MIL,11/21/2019,24,19
NOP,NOP @ PHX,11/21/2019,12,15
ATL,ATL @ DET,11/22/2019,13,14
HOU,HOU @ LAC,11/22/2019,15,24
GSW,GSW @ UTA,11/22/2019,18,8
DEN,DEN vs. BOS,11/22/2019,7,20
MIA,MIA @ CHI,11/22/2019,6,10
WAS,WAS vs. CHA,11/22/2019,15,17
CHA,CHA @ WAS,11/22/2019,17,15
LAL,LAL @ OKC,11/22/2019,19,7
PHI,PHI vs. SAS,11/22/2019,17,15
LAC,LAC vs. HOU,11/22/2019,24,15
DET,DET vs. ATL,11/22/2019,14,13
OKC,OKC vs. LAL,11/22/2019,7,19
SAC,SAC @ BKN,11/22/2019,13,12
DAL,DAL vs. CLE,11/22/2019,14,23
BOS,BOS @ DEN,11/22/2019,20,7
SAS,SAS @ PHI,11/22/2019,15,17
UTA,UTA vs. GSW,11/22/2019,8,18
BKN,BKN vs. SAC,11/22/2019,12,13
CHI,CHI vs. MIA,11/22/2019,10,6
CLE,CLE @ DAL,11/22/2019,23,14
NOP,NOP @ UTA,11/23/2019,6,12
LAL,LAL @ MEM,11/23/2019,17,27
MIL,MIL vs. DET,11/23/2019,25,12
PHX,PHX @ MIN,11/23/2019,7,4
POR,POR @ CLE,11/23/2019,2,7
PHI,PHI vs. MIA,11/23/2019,16,7
ATL,ATL vs. TOR,11/23/2019,14,16
ORL,ORL @ IND,11/23/2019,19,8
UTA,UTA vs. NOP,11/23/2019,12,6
CLE,CLE vs. POR,11/23/2019,7,2
MIN,MIN vs. PHX,11/23/2019,4,7
DET,DET @ MIL,11/23/2019,12,25
MEM,MEM vs. LAL,11/23/2019,27,17
CHA,CHA vs. CHI,11/23/2019,4,8
IND,IND vs. ORL,11/23/2019,8,19
NYK,NYK vs. SAS,11/23/2019,7,10
CHI,CHI @ CHA,11/23/2019,8,4
SAS,SAS @ NYK,11/23/2019,10,7
TOR,TOR @ ATL,11/23/2019,16,14
MIA,MIA @ PHI,11/23/2019,7,16
DAL,DAL @ HOU,11/24/2019,18,20
BKN,BKN @ NYK,11/24/2019,8,10
WAS,WAS vs. SAC,11/24/2019,7,10
HOU,HOU vs. DAL,11/24/2019,20,18
LAC,LAC vs. NOP,11/24/2019,10,13
PHX,PHX @ DEN,11/24/2019,5,12
DEN,DEN vs. PHX,11/24/2019,12,5
NYK,NYK vs. BKN,11/24/2019,10,8
SAC,SAC @ WAS,11/24/2019,10,7
NOP,NOP @ LAC,11/24/2019,13,10
DET,DET vs. ORL,11/25/2019,11,7
BKN,BKN @ CLE,11/25/2019,8,12
TOR,TOR vs. PHI,11/25/2019,13,7
UTA,UTA @ MIL,11/25/2019,11,22
SAS,SAS vs. LAL,11/25/2019,6,12
ATL,ATL vs. MIN,11/25/2019,9,3
CHI,CHI vs. POR,11/25/2019,8,11
CHA,CHA @ MIA,11/25/2019,15,9
LAL,LAL @ SAS,11/25/2019,12,6
GSW,GSW vs. OKC,11/25/2019,14,14
MIA,MIA vs. CHA,11/25/2019,9,15
MEM,MEM @ IND,11/25/2019,23,16
ORL,ORL @ DET,11/25/2019,7,11
SAC,SAC @ BOS,11/25/2019,7,13
MIL,MIL vs. UTA,11/25/2019,22,11
BOS,BOS vs. SAC,11/25/2019,13,7
POR,POR @ CHI,11/25/2019,11,8
PHI,PHI @ TOR,11/25/2019,7,13
IND,IND vs. MEM,11/25/2019,16,23
OKC,OKC @ GSW,11/25/2019,14,14
CLE,CLE vs. BKN,11/25/2019,12,8
MIN,MIN @ ATL,11/25/2019,3,9
LAC,LAC @ DAL,11/26/2019,20,13
WAS,WAS @ DEN,11/26/2019,8,15
DEN,DEN vs. WAS,11/26/2019,15,8
DAL,DAL vs. LAC,11/26/2019,13,20
DET,DET @ CHA,11/27/2019,7,13
HOU,HOU vs. MIA,11/27/2019,15,13
NOP,NOP vs. LAL,11/27/2019,22,18
MIA,MIA @ HOU,11/27/2019,13,15
IND,IND vs. UTA,11/27/2019,18,12
UTA,UTA @ IND,11/27/2019,12,18
MEM,MEM vs. LAC,11/27/2019,18,23
CLE,CLE vs. ORL,11/27/2019,11,24
BKN,BKN @ BOS,11/27/2019,13,21
TOR,TOR vs. NYK,11/27/2019,19,17
LAC,LAC @ MEM,11/27/2019,23,18
MIL,MIL vs. ATL,11/27/2019,15,16
GSW,GSW vs. CHI,11/27/2019,17,18
CHA,CHA vs. DET,11/27/2019,13,7
ATL,ATL @ MIL,11/27/2019,16,15
SAS,SAS vs. MIN,11/27/2019,16,12
NYK,NYK @ TOR,11/27/2019,17,19
WAS,WAS @ PHX,11/27/2019,16,24
OKC,OKC @ POR,11/27/2019,11,9
BOS,BOS vs. BKN,11/27/2019,21,13
SAC,SAC @ PHI,11/27/2019,18,23
PHX,PHX vs. WAS,11/27/2019,24,16
POR,POR vs. OKC,11/27/2019,9,11
CHI,CHI @ GSW,11/27/2019,18,17
MIN,MIN @ SAS,11/27/2019,12,16
PHI,PHI vs. SAC,11/27/2019,23,18
LAL,LAL @ NOP,11/27/2019,18,22
ORL,ORL @ CLE,11/27/2019,24,11
MIL,MIL @ CLE,11/29/2019,13,8
CHA,CHA @ DET,11/29/2019,10,15
ATL,ATL @ IND,11/29/2019,10,17
MIA,MIA vs. GSW,11/29/2019,8,7
POR,POR vs. CHI,11/29/2019,10,19
DET,DET vs. CHA,11/29/2019,15,10
LAC,LAC @ SAS,11/29/2019,6,22
ORL,ORL vs. TOR,11/29/2019,10,18
TOR,TOR @ ORL,11/29/2019,18,10
OKC,OKC vs. NOP,11/29/2019,4,9
MEM,MEM vs. UTA,11/29/2019,17,8
BKN,BKN vs. BOS,11/29/2019,8,19
NOP,NOP @ OKC,11/29/2019,9,4
PHX,PHX vs. DAL,11/29/2019,8,12
LAL,LAL vs. WAS,11/29/2019,28,12
DAL,DAL @ PHX,11/29/2019,12,8
WAS,WAS @ LAL,11/29/2019,12,28
BOS,BOS @ BKN,11/29/2019,19,8
UTA,UTA @ MEM,11/29/2019,8,17
PHI,PHI @ NYK,11/29/2019,6,5
NYK,NYK vs. PHI,11/29/2019,5,6
IND,IND vs. ATL,11/29/2019,17,10
GSW,GSW @ MIA,11/29/2019,7,8
CHI,CHI @ POR,11/29/2019,19,10
SAS,SAS vs. LAC,11/29/2019,22,6
CLE,CLE vs. MIL,11/29/2019,8,13
CHA,CHA @ MIL,11/30/2019,17,34
ATL,ATL @ HOU,11/30/2019,16,12
PHI,PHI vs. IND,11/30/2019,11,14
MIL,MIL vs. CHA,11/30/2019,34,17
DEN,DEN @ SAC,11/30/2019,7,8
IND,IND @ PHI,11/30/2019,14,11
HOU,HOU vs. ATL,11/30/2019,12,16
SAC,SAC vs. DEN,11/30/2019,8,7
ORL,ORL vs. GSW,12/01/2019,15,18
MIA,MIA @ BKN,12/01/2019,5,13
UTA,UTA @ TOR,12/01/2019,15,21
TOR,TOR vs. UTA,12/01/2019,21,15
NYK,NYK vs. BOS,12/01/2019,10,17
LAC,LAC vs. WAS,12/01/2019,17,22
BOS,BOS @ NYK,12/01/2019,17,10
MEM,MEM @ MIN,12/01/2019,13,9
LAL,LAL vs. DAL,12/01/2019,28,19
SAS,SAS @ DET,12/01/2019,13,12
NOP,NOP vs. OKC,12/01/2019,23,2
DET,DET vs. SAS,12/01/2019,12,13
GSW,GSW @ ORL,12/01/2019,18,15
MIN,MIN vs. MEM,12/01/2019,9,13
BKN,BKN vs. MIA,12/01/2019,13,5
DAL,DAL @ LAL,12/01/2019,19,28
WAS,WAS @ LAC,12/01/2019,22,17
OKC,OKC @ NOP,12/01/2019,2,23
IND,IND @ MEM,12/02/2019,10,6
CHA,CHA vs. PHX,12/02/2019,11,4
PHX,PHX @ CHA,12/02/2019,4,11
PHI,PHI vs. UTA,12/02/2019,17,15
CHI,CHI @ SAC,12/02/2019,7,11
NYK,NYK @ MIL,12/02/2019,17,29
ATL,ATL vs. GSW,12/02/2019,17,2
SAC,SAC vs. CHI,12/02/2019,11,7
GSW,GSW @ ATL,12/02/2019,2,17
MEM,MEM vs. IND,12/02/2019,6,10
MIL,MIL vs. NYK,12/02/2019,29,17
UTA,UTA @ PHI,12/02/2019,15,17
LAL,LAL @ DEN,12/03/2019,22,6
ORL,ORL @ WAS,12/03/2019,0,8
SAS,SAS vs. HOU,12/03/2019,17,18
WAS,WAS vs. ORL,12/03/2019,8,0
DEN,DEN vs. LAL,12/03/2019,6,22
NOP,NOP vs. DAL,12/03/2019,12,8
DET,DET @ CLE,12/03/2019,17,10
CLE,CLE vs. DET,12/03/2019,10,17
TOR,TOR vs. MIA,12/03/2019,17,13
POR,POR @ LAC,12/03/2019,17,15
LAC,LAC vs. POR,12/03/2019,15,17
DAL,DAL @ NOP,12/03/2019,8,12
MIA,MIA @ TOR,12/03/2019,13,17
HOU,HOU @ SAS,12/03/2019,18,17
ORL,ORL vs. PHX,12/04/2019,9,18
UTA,UTA vs. LAL,12/04/2019,5,32
GSW,GSW @ CHA,12/04/2019,9,12
CHI,CHI vs. MEM,12/04/2019,14,7
BOS,BOS vs. MIA,12/04/2019,13,13
MIL,MIL @ DET,12/04/2019,10,13
DET,DET vs. MIL,12/04/2019,13,10
MEM,MEM @ CHI,12/04/2019,7,14
ATL,ATL vs. BKN,12/04/2019,7,13
CHA,CHA vs. GSW,12/04/2019,12,9
MIA,MIA @ BOS,12/04/2019,13,13
SAC,SAC @ POR,12/04/2019,17,28
PHX,PHX @ ORL,12/04/2019,18,9
DAL,DAL vs. MIN,12/04/2019,12,11
POR,POR vs. SAC,12/04/2019,28,17
BKN,BKN @ ATL,12/04/2019,13,7
IND,IND @ OKC,12/04/2019,8,7
MIN,MIN @ DAL,12/04/2019,11,12
OKC,OKC vs. IND,12/04/2019,7,8
LAL,LAL @ UTA,12/04/2019,32,5
HOU,HOU @ TOR,12/05/2019,23,19
DEN,DEN @ NYK,12/05/2019,11,6
NYK,NYK vs. DEN,12/05/2019,6,11
WAS,WAS vs. PHI,12/05/2019,10,7
PHI,PHI @ WAS,12/05/2019,7,10
NOP,NOP vs. PHX,12/05/2019,22,14
PHX,PHX @ NOP,12/05/2019,14,22
TOR,TOR vs. HOU,12/05/2019,19,23
GSW,GSW @ CHI,12/06/2019,10,11
BKN,BKN @ CHA,12/06/2019,16,8
BOS,BOS vs. DEN,12/06/2019,15,13
POR,POR vs. LAL,12/06/2019,12,20
LAC,LAC @ MIL,12/06/2019,9,14
CLE,CLE vs. ORL,12/06/2019,15,11
SAC,SAC @ SAS,12/06/2019,7,5
OKC,OKC vs. MIN,12/06/2019,2,11
MIN,MIN @ OKC,12/06/2019,11,2
LAL,LAL @ POR,12/06/2019,20,12
DEN,DEN @ BOS,12/06/2019,13,15
SAS,SAS vs. SAC,12/06/2019,5,7
ORL,ORL @ CLE,12/06/2019,11,15
DET,DET vs. IND,12/06/2019,5,14
CHA,CHA vs. BKN,12/06/2019,8,16
MIA,MIA vs. WAS,12/06/2019,2,11
CHI,CHI vs. GSW,12/06/2019,11,10
WAS,WAS @ MIA,12/06/2019,11,2
MIL,MIL vs. LAC,12/06/2019,14,9
IND,IND @ DET,12/06/2019,14,5
PHI,PHI vs. CLE,12/07/2019,30,7
NOP,NOP @ DAL,12/07/2019,14,11
DAL,DAL vs. NOP,12/07/2019,11,14
HOU,HOU vs. PHX,12/07/2019,18,9
MEM,MEM @ UTA,12/07/2019,21,8
CLE,CLE @ PHI,12/07/2019,7,30
UTA,UTA vs. MEM,12/07/2019,8,21
IND,IND @ NYK,12/07/2019,4,8
PHX,PHX @ HOU,12/07/2019,9,18
NYK,NYK vs. IND,12/07/2019,8,4
POR,POR vs. OKC,12/08/2019,6,7
CHI,CHI @ MIA,12/08/2019,10,8
DEN,DEN @ BKN,12/08/2019,6,4
PHI,PHI vs. TOR,12/08/2019,12,15
TOR,TOR @ PHI,12/08/2019,15,12
OKC,OKC @ POR,12/08/2019,7,6
CHA,CHA vs. ATL,12/08/2019,11,11
LAC,LAC @ WAS,12/08/2019,9,13
MIN,MIN @ LAL,12/08/2019,25,32
WAS,WAS vs. LAC,12/08/2019,13,9
SAC,SAC @ DAL,12/08/2019,16,5
BKN,BKN vs. DEN,12/08/2019,4,6
LAL,LAL vs. MIN,12/08/2019,32,25
ATL,ATL @ CHA,12/08/2019,11,11
MIA,MIA vs. CHI,12/08/2019,8,10
DAL,DAL vs. SAC,12/08/2019,5,16
UTA,UTA vs. OKC,12/09/2019,13,12
MEM,MEM @ GSW,12/09/2019,25,10
SAC,SAC @ HOU,12/09/2019,12,4
MIN,MIN @ PHX,12/09/2019,7,22
TOR,TOR @ CHI,12/09/2019,11,12
LAC,LAC @ IND,12/09/2019,13,20
IND,IND vs. LAC,12/09/2019,20,13
DET,DET @ NOP,12/09/2019,13,27
CLE,CLE @ BOS,12/09/2019,10,17
PHX,PHX vs. MIN,12/09/2019,22,7
NOP,NOP vs. DET,12/09/2019,27,13
ORL,ORL @ MIL,12/09/2019,25,13
MIL,MIL vs. ORL,12/09/2019,13,25
HOU,HOU vs. SAC,12/09/2019,4,12
GSW,GSW vs. MEM,12/09/2019,10,25
CHI,CHI vs. TOR,12/09/2019,12,11
OKC,OKC @ UTA,12/09/2019,12,13
BOS,BOS vs. CLE,12/09/2019,17,10
ATL,ATL @ MIA,12/10/2019,0,15
PHI,PHI vs. DEN,12/10/2019,19,9
CHA,CHA vs. WAS,12/10/2019,8,9
DEN,DEN @ PHI,12/10/2019,9,19
NYK,NYK @ POR,12/10/2019,13,14
WAS,WAS @ CHA,12/10/2019,9,8
MIA,MIA vs. ATL,12/10/2019,15,0
POR,POR vs. NYK,12/10/2019,14,13
BOS,BOS @ IND,12/11/2019,9,22
IND,IND vs. BOS,12/11/2019,22,9
TOR,TOR vs. LAC,12/11/2019,12,11
NYK,NYK @ GSW,12/11/2019,17,19
SAC,SAC vs. OKC,12/11/2019,14,12
PHX,PHX vs. MEM,12/11/2019,12,9
MEM,MEM @ PHX,12/11/2019,9,12
HOU,HOU @ CLE,12/11/2019,20,13
UTA,UTA @ MIN,12/11/2019,0,7
LAC,LAC @ TOR,12/11/2019,11,12
ATL,ATL @ CHI,12/11/2019,18,33
OKC,OKC @ SAC,12/11/2019,12,14
GSW,GSW vs. NYK,12/11/2019,19,17
CLE,CLE vs. HOU,12/11/2019,13,20
MIN,MIN vs. UTA,12/11/2019,7,0
NOP,NOP @ MIL,12/11/2019,22,15
ORL,ORL vs. LAL,12/11/2019,14,8
LAL,LAL @ ORL,12/11/2019,8,14
CHI,CHI vs. ATL,12/11/2019,33,18
MIL,MIL vs. NOP,12/11/2019,15,22
BKN,BKN vs. CHA,12/11/2019,9,16
CHA,CHA @ BKN,12/11/2019,16,9
DEN,DEN vs. POR,12/12/2019,6,5
PHI,PHI @ BOS,12/12/2019,10,10
POR,POR @ DEN,12/12/2019,5,6
DET,DET vs. DAL,12/12/2019,11,16
SAS,SAS vs. CLE,12/12/2019,18,9
BOS,BOS vs. PHI,12/12/2019,10,10
DAL,DAL @ DET,12/12/2019,16,11
CLE,CLE @ SAS,12/12/2019,9,18
LAC,LAC @ MIN,12/13/2019,7,15
HOU,HOU @ ORL,12/13/2019,15,11
ORL,ORL vs. HOU,12/13/2019,11,15
NOP,NOP @ PHI,12/13/2019,14,10
CHA,CHA @ CHI,12/13/2019,13,13
CHI,CHI vs. CHA,12/13/2019,13,13
MIA,MIA vs. LAL,12/13/2019,14,13
MIN,MIN vs. LAC,12/13/2019,15,7
IND,IND @ ATL,12/13/2019,7,15
ATL,ATL vs. IND,12/13/2019,15,7
NYK,NYK @ SAC,12/13/2019,5,5
LAL,LAL @ MIA,12/13/2019,13,14
PHI,PHI vs. NOP,12/13/2019,10,14
SAC,SAC vs. NYK,12/13/2019,5,5
MIL,MIL @ MEM,12/13/2019,21,20
GSW,GSW @ UTA,12/13/2019,4,11
UTA,UTA vs. GSW,12/13/2019,11,4
MEM,MEM vs. MIL,12/13/2019,20,21
BKN,BKN @ TOR,12/14/2019,17,32
HOU,HOU vs. DET,12/14/2019,6,26
WAS,WAS @ MEM,12/14/2019,15,22
DEN,DEN vs. OKC,12/14/2019,12,8
DAL,DAL vs. MIA,12/14/2019,10,20
SAS,SAS @ PHX,12/14/2019,21,18
MIL,MIL vs. CLE,12/14/2019,35,15
DET,DET @ HOU,12/14/2019,26,6
PHX,PHX vs. SAS,12/14/2019,18,21
TOR,TOR vs. BKN,12/14/2019,32,17
MIA,MIA @ DAL,12/14/2019,20,10
MEM,MEM vs. WAS,12/14/2019,22,15
CLE,CLE @ MIL,12/14/2019,15,35
LAC,LAC @ CHI,12/14/2019,8,13
CHI,CHI vs. LAC,12/14/2019,13,8
OKC,OKC @ DEN,12/14/2019,8,12
PHI,PHI @ BKN,12/15/2019,8,23
IND,IND vs. CHA,12/15/2019,15,12
ORL,ORL @ NOP,12/15/2019,22,18
LAL,LAL @ ATL,12/15/2019,18,19
NYK,NYK @ DEN,12/15/2019,12,14
ATL,ATL vs. LAL,12/15/2019,19,18
BKN,BKN vs. PHI,12/15/2019,23,8
DEN,DEN vs. NYK,12/15/2019,14,12
GSW,GSW vs. SAC,12/15/2019,4,10
NOP,NOP vs. ORL,12/15/2019,18,22
CHA,CHA @ IND,12/15/2019,12,15
SAC,SAC @ GSW,12/15/2019,10,4
TOR,TOR vs. CLE,12/16/2019,29,4
SAS,SAS @ HOU,12/16/2019,12,13
MIL,MIL vs. DAL,12/16/2019,27,11
MIA,MIA @ MEM,12/16/2019,11,9
OKC,OKC vs. CHI,12/16/2019,6,14
CLE,CLE @ TOR,12/16/2019,4,29
PHX,PHX vs. POR,12/16/2019,8,18
CHI,CHI @ OKC,12/16/2019,14,6
DAL,DAL @ MIL,12/16/2019,11,27
WAS,WAS @ DET,12/16/2019,7,10
HOU,HOU vs. SAS,12/16/2019,13,12
POR,POR @ PHX,12/16/2019,18,8
MEM,MEM vs. MIA,12/16/2019,9,11
DET,DET vs. WAS,12/16/2019,10,7
NYK,NYK vs. ATL,12/17/2019,10,12
ATL,ATL @ NYK,12/17/2019,12,10
SAC,SAC @ CHA,12/17/2019,3,10
NOP,NOP vs. BKN,12/17/2019,16,4
LAL,LAL @ IND,12/17/2019,10,8
UTA,UTA vs. ORL,12/17/2019,17,17
IND,IND vs. LAL,12/17/2019,8,10
PHX,PHX @ LAC,12/17/2019,22,21
ORL,ORL @ UTA,12/17/2019,17,17
BKN,BKN @ NOP,12/17/2019,4,16
LAC,LAC vs. PHX,12/17/2019,21,22
CHA,CHA vs. SAC,12/17/2019,10,3
MIN,MIN vs. NOP,12/18/2019,6,10
ORL,ORL @ DEN,12/18/2019,9,17
DEN,DEN vs. ORL,12/18/2019,17,9
OKC,OKC vs. MEM,12/18/2019,10,2
POR,POR vs. GSW,12/18/2019,18,16
MIA,MIA @ PHI,12/18/2019,14,16
CHA,CHA @ CLE,12/18/2019,7,13
MEM,MEM @ OKC,12/18/2019,2,10
DAL,DAL vs. BOS,12/18/2019,10,21
NOP,NOP @ MIN,12/18/2019,10,6
GSW,GSW @ POR,12/18/2019,16,18
PHI,PHI vs. MIA,12/18/2019,16,14
WAS,WAS vs. CHI,12/18/2019,7,7
DET,DET vs. TOR,12/18/2019,10,15
CLE,CLE vs. CHA,12/18/2019,13,7
CHI,CHI @ WAS,12/18/2019,7,7
BOS,BOS @ DAL,12/18/2019,21,10
TOR,TOR @ DET,12/18/2019,15,10
ATL,ATL vs. UTA,12/19/2019,15,16
HOU,HOU @ LAC,12/19/2019,15,16
MIL,MIL vs. LAL,12/19/2019,11,14
SAS,SAS vs. BKN,12/19/2019,14,12
UTA,UTA @ ATL,12/19/2019,16,15
LAL,LAL @ MIL,12/19/2019,14,11
BKN,BKN @ SAS,12/19/2019,12,14
LAC,LAC vs. HOU,12/19/2019,16,15
DET,DET @ BOS,12/20/2019,12,15
ORL,ORL @ POR,12/20/2019,11,21
MIN,MIN @ DEN,12/20/2019,9,11
IND,IND vs. SAC,12/20/2019,14,11
NYK,NYK @ MIA,12/20/2019,10,10
PHX,PHX @ OKC,12/20/2019,6,4
MIA,MIA vs. NYK,12/20/2019,10,10
DEN,DEN vs. MIN,12/20/2019,11,9
TOR,TOR vs. WAS,12/20/2019,16,25
GSW,GSW vs. NOP,12/20/2019,19,15
PHI,PHI vs. DAL,12/20/2019,18,17
CLE,CLE vs. MEM,12/20/2019,14,23
POR,POR vs. ORL,12/20/2019,21,11
OKC,OKC vs. PHX,12/20/2019,4,6
NOP,NOP @ GSW,12/20/2019,15,19
SAC,SAC @ IND,12/20/2019,11,14
BOS,BOS vs. DET,12/20/2019,15,12
WAS,WAS @ TOR,12/20/2019,25,16
DAL,DAL @ PHI,12/20/2019,17,18
MEM,MEM @ CLE,12/20/2019,23,14
SAC,SAC @ MEM,12/21/2019,17,20
CHI,CHI @ DET,12/21/2019,19,8
CHA,CHA vs. UTA,12/21/2019,15,3
UTA,UTA @ CHA,12/21/2019,3,15
ATL,ATL @ BKN,12/21/2019,17,16
LAC,LAC @ SAS,12/21/2019,26,13
PHI,PHI vs. WAS,12/21/2019,19,15
PHX,PHX vs. HOU,12/21/2019,11,13
MIN,MIN @ POR,12/21/2019,7,10
WAS,WAS @ PHI,12/21/2019,15,19
MEM,MEM vs. SAC,12/21/2019,20,17
DET,DET vs. CHI,12/21/2019,8,19
POR,POR vs. MIN,12/21/2019,10,7
NYK,NYK vs. MIL,12/21/2019,5,19
SAS,SAS vs. LAC,12/21/2019,13,26
MIL,MIL @ NYK,12/21/2019,19,5
BKN,BKN vs. ATL,12/21/2019,16,17
HOU,HOU @ PHX,12/21/2019,13,11
CHA,CHA @ BOS,12/22/2019,2,10
OKC,OKC vs. LAC,12/22/2019,4,3
LAC,LAC @ OKC,12/22/2019,3,4
TOR,TOR vs. DAL,12/22/2019,17,10
DEN,DEN @ LAL,12/22/2019,22,9
DAL,DAL @ TOR,12/22/2019,10,17
IND,IND @ MIL,12/22/2019,14,18
LAL,LAL vs. DEN,12/22/2019,9,22
BOS,BOS vs. CHA,12/22/2019,10,2
MIL,MIL vs. IND,12/22/2019,18,14
TOR,TOR @ IND,12/23/2019,24,12
MIN,MIN @ GSW,12/23/2019,25,22
HOU,HOU @ SAC,12/23/2019,15,23
PHX,PHX vs. DEN,12/23/2019,15,4
UTA,UTA @ MIA,12/23/2019,7,13
CLE,CLE vs. ATL,12/23/2019,10,12
CHI,CHI @ ORL,12/23/2019,6,12
IND,IND vs. TOR,12/23/2019,12,24
WAS,WAS @ NYK,12/23/2019,12,10
ATL,ATL @ CLE,12/23/2019,12,10
ORL,ORL vs. CHI,12/23/2019,12,6
PHI,PHI @ DET,12/23/2019,13,15
MIA,MIA vs. UTA,12/23/2019,13,7
NOP,NOP @ POR,12/23/2019,14,12
DET,DET vs. PHI,12/23/2019,15,13
SAC,SAC vs. HOU,12/23/2019,23,15
GSW,GSW vs. MIN,12/23/2019,22,25
DEN,DEN @ PHX,12/23/2019,4,15
MEM,MEM vs. SAS,12/23/2019,17,21
NYK,NYK vs. WAS,12/23/2019,10,12
POR,POR vs. NOP,12/23/2019,12,14
SAS,SAS @ MEM,12/23/2019,21,17
TOR,TOR vs. BOS,12/25/2019,12,15
NOP,NOP @ DEN,12/25/2019,12,19
LAC,LAC @ LAL,12/25/2019,21,20
MIL,MIL @ PHI,12/25/2019,16,18
GSW,GSW vs. HOU,12/25/2019,18,14
LAL,LAL vs. LAC,12/25/2019,20,21
PHI,PHI vs. MIL,12/25/2019,18,16
HOU,HOU @ GSW,12/25/2019,14,18
DEN,DEN vs. NOP,12/25/2019,19,12
BOS,BOS @ TOR,12/25/2019,15,12
UTA,UTA vs. POR,12/26/2019,4,7
WAS,WAS @ DET,12/26/2019,7,10
OKC,OKC vs. MEM,12/26/2019,6,23
SAS,SAS @ DAL,12/26/2019,22,8
MEM,MEM @ OKC,12/26/2019,23,6
NYK,NYK @ BKN,12/26/2019,3,6
POR,POR @ UTA,12/26/2019,7,4
SAC,SAC vs. MIN,12/26/2019,5,2
DET,DET vs. WAS,12/26/2019,10,7
BKN,BKN vs. NYK,12/26/2019,6,3
MIN,MIN @ SAC,12/26/2019,2,5
DAL,DAL vs. SAS,12/26/2019,8,22
MIA,MIA vs. IND,12/27/2019,11,21
OKC,OKC @ CHA,12/27/2019,16,11
MIL,MIL @ ATL,12/27/2019,10,11
CHA,CHA vs. OKC,12/27/2019,11,16
ATL,ATL vs. MIL,12/27/2019,11,10
ORL,ORL vs. PHI,12/27/2019,7,15
CLE,CLE @ BOS,12/27/2019,19,22
PHX,PHX @ GSW,12/27/2019,14,10
IND,IND @ MIA,12/27/2019,21,11
PHI,PHI @ ORL,12/27/2019,15,7
BOS,BOS vs. CLE,12/27/2019,22,19
GSW,GSW vs. PHX,12/27/2019,10,14
SAS,SAS vs. DET,12/28/2019,17,21
LAL,LAL @ POR,12/28/2019,21,8
BKN,BKN @ HOU,12/28/2019,14,6
CHI,CHI vs. ATL,12/28/2019,25,8
MIL,MIL vs. ORL,12/28/2019,18,14
CLE,CLE @ MIN,12/28/2019,6,15
MEM,MEM @ DEN,12/28/2019,8,9
NOP,NOP vs. IND,12/28/2019,20,12
UTA,UTA @ LAC,12/28/2019,19,14
NYK,NYK @ WAS,12/28/2019,6,14
BOS,BOS vs. TOR,12/28/2019,18,11
DAL,DAL @ GSW,12/28/2019,14,23
DET,DET @ SAS,12/28/2019,21,17
PHX,PHX @ SAC,12/28/2019,16,5
IND,IND @ NOP,12/28/2019,12,20
ORL,ORL @ MIL,12/28/2019,14,18
DEN,DEN vs. MEM,12/28/2019,9,8
SAC,SAC vs. PHX,12/28/2019,5,16
MIN,MIN vs. CLE,12/28/2019,15,6
LAC,LAC vs. UTA,12/28/2019,14,19
POR,POR vs. LAL,12/28/2019,8,21
HOU,HOU vs. BKN,12/28/2019,6,14
GSW,GSW vs. DAL,12/28/2019,23,14
PHI,PHI @ MIA,12/28/2019,17,15
ATL,ATL @ CHI,12/28/2019,8,25
TOR,TOR @ BOS,12/28/2019,11,18
WAS,WAS vs. NYK,12/28/2019,14,6
MIA,MIA vs. PHI,12/28/2019,15,17
MEM,MEM vs. CHA,12/29/2019,13,9
DEN,DEN vs. SAC,12/29/2019,8,2
CHA,CHA @ MEM,12/29/2019,9,13
LAL,LAL vs. DAL,12/29/2019,18,17
TOR,TOR vs. OKC,12/29/2019,8,9
SAC,SAC @ DEN,12/29/2019,2,8
OKC,OKC @ TOR,12/29/2019,9,8
NOP,NOP vs. HOU,12/29/2019,28,4
HOU,HOU @ NOP,12/29/2019,4,28
DAL,DAL @ LAL,12/29/2019,17,18
PHX,PHX @ POR,12/30/2019,19,5
MIA,MIA @ WAS,12/30/2019,3,18
DET,DET @ UTA,12/30/2019,11,15
POR,POR vs. PHX,12/30/2019,5,19
MIL,MIL @ CHI,12/30/2019,16,10
MIN,MIN vs. BKN,12/30/2019,4,13
WAS,WAS vs. MIA,12/30/2019,18,3
ORL,ORL vs. ATL,12/30/2019,9,8
BKN,BKN @ MIN,12/30/2019,13,4
ATL,ATL @ ORL,12/30/2019,8,9
UTA,UTA vs. DET,12/30/2019,15,11
CHI,CHI vs. MIL,12/30/2019,10,16
OKC,OKC vs. DAL,12/31/2019,7,5
LAC,LAC @ SAC,12/31/2019,11,12
GSW,GSW @ SAS,12/31/2019,8,24
CLE,CLE @ TOR,12/31/2019,4,8
CHA,CHA vs. BOS,12/31/2019,12,6
DEN,DEN @ HOU,12/31/2019,9,24
PHI,PHI @ IND,12/31/2019,8,10
IND,IND vs. PHI,12/31/2019,10,8
SAC,SAC vs. LAC,12/31/2019,12,11
BOS,BOS @ CHA,12/31/2019,6,12
SAS,SAS vs. GSW,12/31/2019,24,8
DAL,DAL @ OKC,12/31/2019,5,7
TOR,TOR vs. CLE,12/31/2019,8,4
HOU,HOU vs. DEN,12/31/2019,24,9